Date,Team,Opponent,GoalsFor,GoalsAgainst,Result,Shots,ShotsOnTarget,Corners,Fouls,Yellow,Red,Venue,Points,ShotAccuracy,GoalConversion,CleanSheet
11/08/2023,Burnley,Man City,0,3,A,6,1,6,11,0,1,Home,0,0.16666666666666666,0.0,0
12/08/2023,Arsenal,Nott'm Forest,2,1,H,15,7,8,12,2,0,Home,3,0.4666666666666667,0.2857142857142857,0
12/08/2023,Bournemouth,West Ham,1,1,D,14,5,10,9,1,0,Home,1,0.35714285714285715,0.2,0
12/08/2023,Brighton,Luton,4,1,H,27,12,6,11,2,0,Home,3,0.4444444444444444,0.3333333333333333,0
12/08/2023,Everton,Fulham,0,1,A,19,9,10,12,0,0,Home,0,0.47368421052631576,0.0,0
12/08/2023,Sheffield United,Crystal Palace,0,1,A,8,1,5,18,3,0,Home,0,0.125,0.0,0
12/08/2023,Newcastle,Aston Villa,5,1,H,17,13,6,12,4,0,Home,3,0.7647058823529411,0.38461538461538464,0
13/08/2023,Brentford,Tottenham,2,2,D,11,6,3,12,1,0,Home,1,0.5454545454545454,0.3333333333333333,0
13/08/2023,Chelsea,Liverpool,1,1,D,10,4,4,5,3,0,Home,1,0.4,0.25,0
14/08/2023,Man United,Wolves,1,0,H,15,3,8,14,2,0,Home,3,0.2,0.3333333333333333,1
18/08/2023,Nott'm Forest,Sheffield United,2,1,H,16,4,6,5,2,0,Home,3,0.25,0.5,0
19/08/2023,Fulham,Brentford,0,3,A,10,2,5,13,2,1,Home,0,0.2,0.0,0
19/08/2023,Liverpool,Bournemouth,3,1,H,26,10,10,11,1,1,Home,3,0.38461538461538464,0.3,0
19/08/2023,Wolves,Brighton,1,4,A,16,5,5,14,3,1,Home,0,0.3125,0.2,0
19/08/2023,Tottenham,Man United,2,0,H,17,6,5,9,1,0,Home,3,0.35294117647058826,0.3333333333333333,1
19/08/2023,Man City,Newcastle,1,0,H,14,4,3,12,1,0,Home,3,0.2857142857142857,0.25,1
20/08/2023,Aston Villa,Everton,4,0,H,13,7,7,8,3,0,Home,3,0.5384615384615384,0.5714285714285714,1
20/08/2023,West Ham,Chelsea,3,1,H,12,6,3,12,2,1,Home,3,0.5,0.5,0
21/08/2023,Crystal Palace,Arsenal,0,1,A,14,2,1,14,2,0,Home,0,0.14285714285714285,0.0,0
25/08/2023,Chelsea,Luton,3,0,H,19,8,6,15,2,0,Home,3,0.42105263157894735,0.375,1
26/08/2023,Bournemouth,Tottenham,0,2,A,11,3,6,18,1,0,Home,0,0.2727272727272727,0.0,0
26/08/2023,Arsenal,Fulham,2,2,D,19,11,8,6,0,0,Home,1,0.5789473684210527,0.18181818181818182,0
26/08/2023,Brentford,Crystal Palace,1,1,D,12,1,8,9,0,0,Home,1,0.08333333333333333,1.0,0
26/08/2023,Everton,Wolves,0,1,A,15,7,7,10,3,0,Home,0,0.4666666666666667,0.0,0
26/08/2023,Man United,Nott'm Forest,3,2,H,18,9,11,13,4,0,Home,3,0.5,0.3333333333333333,0
26/08/2023,Brighton,West Ham,1,3,A,25,10,17,10,1,0,Home,0,0.4,0.1,0
27/08/2023,Burnley,Aston Villa,1,3,A,9,2,4,12,2,0,Home,0,0.2222222222222222,0.5,0
27/08/2023,Sheffield United,Man City,1,2,A,6,2,1,11,3,0,Home,0,0.3333333333333333,0.5,0
27/08/2023,Newcastle,Liverpool,1,2,A,23,8,5,16,1,0,Home,0,0.34782608695652173,0.125,0
01/09/2023,Luton,West Ham,1,2,A,16,1,9,8,1,0,Home,0,0.0625,1.0,0
02/09/2023,Sheffield United,Everton,2,2,D,13,8,4,11,1,0,Home,1,0.6153846153846154,0.25,0
02/09/2023,Brentford,Bournemouth,2,2,D,21,7,5,6,1,0,Home,1,0.3333333333333333,0.2857142857142857,0
02/09/2023,Burnley,Tottenham,2,5,A,16,4,7,15,4,0,Home,0,0.25,0.5,0
02/09/2023,Chelsea,Nott'm Forest,0,1,A,21,2,8,10,3,0,Home,0,0.09523809523809523,0.0,0
02/09/2023,Man City,Fulham,5,1,H,7,5,4,12,2,0,Home,3,0.7142857142857143,1.0,0
02/09/2023,Brighton,Newcastle,3,1,H,15,6,5,14,4,0,Home,3,0.4,0.5,0
03/09/2023,Crystal Palace,Wolves,3,2,H,16,11,4,12,1,0,Home,3,0.6875,0.2727272727272727,0
03/09/2023,Liverpool,Aston Villa,3,0,H,17,4,7,12,0,0,Home,3,0.23529411764705882,0.75,1
03/09/2023,Arsenal,Man United,3,1,H,17,5,12,8,2,0,Home,3,0.29411764705882354,0.6,0
16/09/2023,Wolves,Liverpool,1,3,A,11,2,4,10,1,0,Home,0,0.18181818181818182,0.5,0
16/09/2023,Aston Villa,Crystal Palace,3,1,H,16,5,4,13,5,0,Home,3,0.3125,0.6,0
16/09/2023,Fulham,Luton,1,0,H,13,2,6,6,2,0,Home,3,0.15384615384615385,0.5,1
16/09/2023,Man United,Brighton,1,3,A,14,4,8,8,2,0,Home,0,0.2857142857142857,0.25,0
16/09/2023,Tottenham,Sheffield United,2,1,H,28,10,15,13,6,0,Home,3,0.35714285714285715,0.2,0
16/09/2023,West Ham,Man City,1,3,A,6,3,4,7,3,0,Home,0,0.5,0.3333333333333333,0
16/09/2023,Newcastle,Brentford,1,0,H,9,2,8,8,3,0,Home,3,0.2222222222222222,0.5,1
17/09/2023,Bournemouth,Chelsea,0,0,D,13,4,1,15,1,0,Home,1,0.3076923076923077,0.0,1
17/09/2023,Everton,Arsenal,0,1,A,8,1,1,12,1,0,Home,0,0.125,0.0,0
18/09/2023,Nott'm Forest,Burnley,1,1,D,14,4,5,16,2,0,Home,1,0.2857142857142857,0.25,0
23/09/2023,Crystal Palace,Fulham,0,0,D,7,3,3,10,3,0,Home,1,0.42857142857142855,0.0,1
23/09/2023,Luton,Wolves,1,1,D,20,4,10,12,0,0,Home,1,0.2,0.25,0
23/09/2023,Man City,Nott'm Forest,2,0,H,7,4,6,5,3,1,Home,3,0.5714285714285714,0.5,1
23/09/2023,Brentford,Everton,1,3,A,12,2,1,9,2,0,Home,0,0.16666666666666666,0.5,0
23/09/2023,Burnley,Man United,0,1,A,12,4,9,6,1,0,Home,0,0.3333333333333333,0.0,0
24/09/2023,Arsenal,Tottenham,2,2,D,13,6,11,12,3,0,Home,1,0.46153846153846156,0.3333333333333333,0
24/09/2023,Brighton,Bournemouth,3,1,H,13,4,4,12,3,0,Home,3,0.3076923076923077,0.75,0
24/09/2023,Chelsea,Aston Villa,0,1,A,10,4,5,9,2,0,Home,0,0.4,0.0,0
24/09/2023,Liverpool,West Ham,3,1,H,22,7,7,12,0,0,Home,3,0.3181818181818182,0.42857142857142855,0
24/09/2023,Sheffield United,Newcastle,0,8,A,9,1,2,12,3,0,Home,0,0.1111111111111111,0.0,0
30/09/2023,Aston Villa,Brighton,6,1,H,19,9,1,19,4,0,Home,3,0.47368421052631576,0.6666666666666666,0
30/09/2023,Bournemouth,Arsenal,0,4,A,8,1,6,11,0,0,Home,0,0.125,0.0,0
30/09/2023,Everton,Luton,1,2,A,23,5,3,8,0,0,Home,0,0.21739130434782608,0.2,0
30/09/2023,Man United,Crystal Palace,0,1,A,19,4,10,10,3,0,Home,0,0.21052631578947367,0.0,0
30/09/2023,Newcastle,Burnley,2,0,H,20,8,5,7,1,0,Home,3,0.4,0.25,1
30/09/2023,West Ham,Sheffield United,2,0,H,20,9,7,6,1,0,Home,3,0.45,0.2222222222222222,1
30/09/2023,Wolves,Man City,2,1,H,3,1,0,18,5,0,Home,3,0.3333333333333333,2.0,0
30/09/2023,Tottenham,Liverpool,2,1,H,24,8,12,11,5,0,Home,3,0.3333333333333333,0.25,0
01/10/2023,Nott'm Forest,Brentford,1,1,D,6,1,1,6,1,1,Home,1,0.16666666666666666,1.0,0
02/10/2023,Fulham,Chelsea,0,2,A,10,3,8,15,1,0,Home,0,0.3,0.0,0
03/10/2023,Luton,Burnley,1,2,A,18,3,7,14,4,0,Home,0,0.16666666666666666,0.3333333333333333,0
07/10/2023,Luton,Tottenham,0,1,A,12,2,5,16,2,0,Home,0,0.16666666666666666,0.0,0
07/10/2023,Burnley,Chelsea,1,4,A,10,3,7,11,2,0,Home,0,0.3,0.3333333333333333,0
07/10/2023,Everton,Bournemouth,3,0,H,25,8,8,14,1,0,Home,3,0.32,0.375,1
07/10/2023,Fulham,Sheffield United,3,1,H,20,6,9,8,1,0,Home,3,0.3,0.5,0
07/10/2023,Man United,Brentford,2,1,H,21,8,7,10,0,0,Home,3,0.38095238095238093,0.25,0
07/10/2023,Crystal Palace,Nott'm Forest,0,0,D,8,2,3,7,0,0,Home,1,0.25,0.0,1
08/10/2023,Brighton,Liverpool,2,2,D,14,3,8,12,1,0,Home,1,0.21428571428571427,0.6666666666666666,0
08/10/2023,West Ham,Newcastle,2,2,D,5,3,4,11,3,0,Home,1,0.6,0.6666666666666666,0
08/10/2023,Wolves,Aston Villa,1,1,D,8,3,2,19,2,1,Home,1,0.375,0.3333333333333333,0
08/10/2023,Arsenal,Man City,1,0,H,12,2,5,8,2,0,Home,3,0.16666666666666666,0.5,1
21/10/2023,Liverpool,Everton,2,0,H,26,6,12,9,1,0,Home,3,0.23076923076923078,0.3333333333333333,1
21/10/2023,Bournemouth,Wolves,1,2,A,7,4,3,15,2,1,Home,0,0.5714285714285714,0.25,0
21/10/2023,Brentford,Burnley,3,0,H,23,10,5,14,5,0,Home,3,0.43478260869565216,0.3,1
21/10/2023,Man City,Brighton,2,1,H,10,6,2,9,2,1,Home,3,0.6,0.3333333333333333,0
21/10/2023,Newcastle,Crystal Palace,4,0,H,10,7,6,7,2,0,Home,3,0.7,0.5714285714285714,1
21/10/2023,Nott'm Forest,Luton,2,2,D,19,8,4,12,3,0,Home,1,0.42105263157894735,0.25,0
21/10/2023,Chelsea,Arsenal,2,2,D,11,5,2,7,3,0,Home,1,0.45454545454545453,0.4,0
21/10/2023,Sheffield United,Man United,1,2,A,12,6,5,12,3,0,Home,0,0.5,0.16666666666666666,0
22/10/2023,Aston Villa,West Ham,4,1,H,15,7,8,9,0,0,Home,3,0.4666666666666667,0.5714285714285714,0
23/10/2023,Tottenham,Fulham,2,0,H,15,5,3,10,2,0,Home,3,0.3333333333333333,0.4,1
27/10/2023,Crystal Palace,Tottenham,1,2,A,13,3,11,19,2,0,Home,0,0.23076923076923078,0.3333333333333333,0
28/10/2023,Chelsea,Brentford,0,2,A,17,2,10,12,1,0,Home,0,0.11764705882352941,0.0,0
28/10/2023,Arsenal,Sheffield United,5,0,H,13,8,6,9,0,0,Home,3,0.6153846153846154,0.625,1
28/10/2023,Bournemouth,Burnley,2,1,H,13,6,10,9,2,0,Home,3,0.46153846153846156,0.3333333333333333,0
28/10/2023,Wolves,Newcastle,2,2,D,11,6,8,13,1,0,Home,1,0.5454545454545454,0.3333333333333333,0
29/10/2023,West Ham,Everton,0,1,A,12,2,4,7,4,0,Home,0,0.16666666666666666,0.0,0
29/10/2023,Aston Villa,Luton,3,1,H,17,6,6,11,3,0,Home,3,0.35294117647058826,0.5,0
29/10/2023,Brighton,Fulham,1,1,D,18,7,7,12,0,0,Home,1,0.3888888888888889,0.14285714285714285,0
29/10/2023,Liverpool,Nott'm Forest,3,0,H,21,8,8,9,2,0,Home,3,0.38095238095238093,0.375,1
29/10/2023,Man United,Man City,0,3,A,7,3,7,9,4,0,Home,0,0.42857142857142855,0.0,0
04/11/2023,Fulham,Man United,0,1,A,18,3,9,9,5,0,Home,0,0.16666666666666666,0.0,0
04/11/2023,Brentford,West Ham,3,2,H,16,4,4,12,1,0,Home,3,0.25,0.75,0
04/11/2023,Burnley,Crystal Palace,0,2,A,17,5,12,9,0,0,Home,0,0.29411764705882354,0.0,0
04/11/2023,Everton,Brighton,1,1,D,10,4,3,15,4,0,Home,1,0.4,0.25,0
04/11/2023,Man City,Bournemouth,6,1,H,21,8,12,8,0,0,Home,3,0.38095238095238093,0.75,0
04/11/2023,Sheffield United,Wolves,2,1,H,11,2,4,13,2,0,Home,3,0.18181818181818182,1.0,0
04/11/2023,Newcastle,Arsenal,1,0,H,9,2,0,14,5,0,Home,3,0.2222222222222222,0.5,1
05/11/2023,Nott'm Forest,Aston Villa,2,0,H,5,3,0,6,1,0,Home,3,0.6,0.6666666666666666,1
05/11/2023,Luton,Liverpool,1,1,D,8,5,4,7,1,0,Home,1,0.625,0.2,0
06/11/2023,Tottenham,Chelsea,1,4,A,8,5,1,12,1,2,Home,0,0.625,0.2,0
11/11/2023,Wolves,Tottenham,2,1,H,17,4,11,19,4,0,Home,3,0.23529411764705882,0.5,0
11/11/2023,Arsenal,Burnley,3,1,H,16,6,3,8,0,1,Home,3,0.375,0.5,0
11/11/2023,Crystal Palace,Everton,2,3,A,13,4,9,9,1,0,Home,0,0.3076923076923077,0.5,0
11/11/2023,Man United,Luton,1,0,H,15,4,11,9,0,0,Home,3,0.26666666666666666,0.25,1
11/11/2023,Bournemouth,Newcastle,2,0,H,19,10,6,10,2,0,Home,3,0.5263157894736842,0.2,1
12/11/2023,Aston Villa,Fulham,3,1,H,12,6,2,4,2,0,Home,3,0.5,0.5,0
12/11/2023,Brighton,Sheffield United,1,1,D,11,6,6,13,3,1,Home,1,0.5454545454545454,0.16666666666666666,0
12/11/2023,Liverpool,Brentford,3,0,H,17,10,6,16,1,0,Home,3,0.5882352941176471,0.3,1
12/11/2023,West Ham,Nott'm Forest,3,2,H,16,6,9,9,2,0,Home,3,0.375,0.5,0
12/11/2023,Chelsea,Man City,4,4,D,17,9,3,12,5,0,Home,1,0.5294117647058824,0.4444444444444444,0
25/11/2023,Man City,Liverpool,1,1,D,16,5,9,9,1,0,Home,1,0.3125,0.2,0
25/11/2023,Burnley,West Ham,1,2,A,11,5,4,11,1,0,Home,0,0.45454545454545453,0.2,0
25/11/2023,Luton,Crystal Palace,2,1,H,8,3,4,15,6,0,Home,3,0.375,0.6666666666666666,0
25/11/2023,Newcastle,Chelsea,4,1,H,14,5,4,13,4,0,Home,3,0.35714285714285715,0.8,0
25/11/2023,Nott'm Forest,Brighton,2,3,A,18,5,6,12,2,0,Home,0,0.2777777777777778,0.4,0
25/11/2023,Sheffield United,Bournemouth,1,3,A,10,2,4,6,4,0,Home,0,0.2,0.5,0
25/11/2023,Brentford,Arsenal,0,1,A,9,3,1,9,1,0,Home,0,0.3333333333333333,0.0,0
26/11/2023,Tottenham,Aston Villa,1,2,A,18,8,9,11,0,0,Home,0,0.4444444444444444,0.125,0
26/11/2023,Everton,Man United,0,3,A,24,6,6,10,3,0,Home,0,0.25,0.0,0
27/11/2023,Fulham,Wolves,3,2,H,12,6,6,13,2,0,Home,3,0.5,0.5,0
02/12/2023,Arsenal,Wolves,2,1,H,19,6,4,10,1,0,Home,3,0.3157894736842105,0.3333333333333333,0
02/12/2023,Brentford,Luton,3,1,H,27,6,7,10,1,0,Home,3,0.2222222222222222,0.5,0
02/12/2023,Burnley,Sheffield United,5,0,H,19,7,6,9,2,0,Home,3,0.3684210526315789,0.7142857142857143,1
02/12/2023,Nott'm Forest,Everton,0,1,A,13,2,4,15,1,0,Home,0,0.15384615384615385,0.0,0
02/12/2023,Newcastle,Man United,1,0,H,22,4,7,6,1,0,Home,3,0.18181818181818182,0.25,1
03/12/2023,Bournemouth,Aston Villa,2,2,D,15,7,7,16,5,0,Home,1,0.4666666666666667,0.2857142857142857,0
03/12/2023,Chelsea,Brighton,3,2,H,8,5,5,16,3,1,Home,3,0.625,0.6,0
03/12/2023,Liverpool,Fulham,4,3,H,26,12,3,6,0,0,Home,3,0.46153846153846156,0.3333333333333333,0
03/12/2023,West Ham,Crystal Palace,1,1,D,9,3,2,17,2,0,Home,1,0.3333333333333333,0.3333333333333333,0
03/12/2023,Man City,Tottenham,3,3,D,18,4,10,14,4,0,Home,1,0.2222222222222222,0.75,0
05/12/2023,Wolves,Burnley,1,0,H,7,4,6,11,2,0,Home,3,0.5714285714285714,0.25,1
05/12/2023,Luton,Arsenal,3,4,A,6,4,3,14,2,0,Home,0,0.6666666666666666,0.75,0
06/12/2023,Brighton,Brentford,2,1,H,18,7,7,10,3,0,Home,3,0.3888888888888889,0.2857142857142857,0
06/12/2023,Crystal Palace,Bournemouth,0,2,A,16,3,3,10,1,0,Home,0,0.1875,0.0,0
06/12/2023,Fulham,Nott'm Forest,5,0,H,14,6,6,7,0,0,Home,3,0.42857142857142855,0.8333333333333334,1
06/12/2023,Sheffield United,Liverpool,0,2,A,6,1,2,12,2,0,Home,0,0.16666666666666666,0.0,0
06/12/2023,Aston Villa,Man City,1,0,H,22,7,6,13,2,0,Home,3,0.3181818181818182,0.14285714285714285,1
06/12/2023,Man United,Chelsea,2,1,H,28,9,12,12,4,0,Home,3,0.32142857142857145,0.2222222222222222,0
07/12/2023,Everton,Newcastle,3,0,H,21,6,5,18,3,0,Home,3,0.2857142857142857,0.5,1
07/12/2023,Tottenham,West Ham,1,2,A,23,7,8,11,3,0,Home,0,0.30434782608695654,0.14285714285714285,0
09/12/2023,Crystal Palace,Liverpool,1,2,A,8,4,6,17,5,1,Home,0,0.5,0.25,0
09/12/2023,Brighton,Burnley,1,1,D,29,11,9,5,0,0,Home,1,0.3793103448275862,0.09090909090909091,0
09/12/2023,Man United,Bournemouth,0,3,A,20,3,10,7,3,0,Home,0,0.15,0.0,0
09/12/2023,Sheffield United,Brentford,1,0,H,9,4,3,14,5,0,Home,3,0.4444444444444444,0.25,1
09/12/2023,Wolves,Nott'm Forest,1,1,D,10,4,4,9,0,0,Home,1,0.4,0.25,0
09/12/2023,Aston Villa,Arsenal,1,0,H,10,3,3,16,4,0,Home,3,0.3,0.3333333333333333,1
10/12/2023,Everton,Chelsea,2,0,H,9,5,4,12,2,0,Home,3,0.5555555555555556,0.4,1
10/12/2023,Fulham,West Ham,5,0,H,14,8,3,5,2,0,Home,3,0.5714285714285714,0.625,1
10/12/2023,Luton,Man City,1,2,A,4,2,6,16,2,0,Home,0,0.5,0.5,0
10/12/2023,Tottenham,Newcastle,4,1,H,23,12,3,10,1,0,Home,3,0.5217391304347826,0.3333333333333333,0
15/12/2023,Nott'm Forest,Tottenham,0,2,A,15,1,6,16,2,0,Home,0,0.06666666666666667,0.0,0
16/12/2023,Chelsea,Sheffield United,2,0,H,15,6,7,9,1,0,Home,3,0.4,0.3333333333333333,1
16/12/2023,Man City,Crystal Palace,2,2,D,19,9,6,12,1,0,Home,1,0.47368421052631576,0.2222222222222222,0
16/12/2023,Newcastle,Fulham,3,0,H,27,10,5,7,0,0,Home,3,0.37037037037037035,0.3,1
16/12/2023,Burnley,Everton,0,2,A,14,2,8,9,0,0,Home,0,0.14285714285714285,0.0,0
17/12/2023,Arsenal,Brighton,2,0,H,26,9,10,11,1,0,Home,3,0.34615384615384615,0.2222222222222222,1
17/12/2023,Brentford,Aston Villa,1,2,A,4,3,7,19,6,1,Home,0,0.75,0.3333333333333333,0
17/12/2023,West Ham,Wolves,3,0,H,13,4,6,12,3,0,Home,3,0.3076923076923077,0.75,1
17/12/2023,Liverpool,Man United,0,0,D,34,8,12,13,2,0,Home,1,0.23529411764705882,0.0,1
21/12/2023,Crystal Palace,Brighton,1,1,D,11,3,3,12,5,0,Home,1,0.2727272727272727,0.3333333333333333,0
22/12/2023,Aston Villa,Sheffield United,1,1,D,12,4,9,11,3,0,Home,1,0.3333333333333333,0.25,0
23/12/2023,West Ham,Man United,2,0,H,12,5,4,13,2,0,Home,3,0.4166666666666667,0.4,1
23/12/2023,Fulham,Burnley,0,2,A,19,5,8,5,2,0,Home,0,0.2631578947368421,0.0,0
23/12/2023,Luton,Newcastle,1,0,H,16,5,6,11,2,0,Home,3,0.3125,0.2,1
23/12/2023,Nott'm Forest,Bournemouth,2,3,A,11,5,6,10,0,1,Home,0,0.45454545454545453,0.4,0
23/12/2023,Tottenham,Everton,2,1,H,13,6,3,6,1,0,Home,3,0.46153846153846156,0.3333333333333333,0
23/12/2023,Liverpool,Arsenal,1,1,D,13,3,4,13,2,0,Home,1,0.23076923076923078,0.3333333333333333,0
24/12/2023,Wolves,Chelsea,2,1,H,14,6,10,11,3,0,Home,3,0.42857142857142855,0.3333333333333333,0
26/12/2023,Newcastle,Nott'm Forest,1,3,A,19,7,10,10,3,0,Home,0,0.3684210526315789,0.14285714285714285,0
26/12/2023,Bournemouth,Fulham,3,0,H,16,4,6,10,0,0,Home,3,0.25,0.75,1
26/12/2023,Sheffield United,Luton,2,3,A,21,6,9,13,5,0,Home,0,0.2857142857142857,0.3333333333333333,0
26/12/2023,Burnley,Liverpool,0,2,A,9,0,4,7,2,0,Home,0,0.0,0.0,0
26/12/2023,Man United,Aston Villa,3,2,H,13,7,3,10,1,0,Home,3,0.5384615384615384,0.42857142857142855,0
27/12/2023,Brentford,Wolves,1,4,A,14,4,8,5,1,0,Home,0,0.2857142857142857,0.25,0
27/12/2023,Chelsea,Crystal Palace,2,1,H,9,4,4,13,3,0,Home,3,0.4444444444444444,0.5,0
27/12/2023,Everton,Man City,1,3,A,7,2,8,13,4,0,Home,0,0.2857142857142857,0.5,0
28/12/2023,Brighton,Tottenham,4,2,H,15,9,7,18,3,0,Home,3,0.6,0.4444444444444444,0
28/12/2023,Arsenal,West Ham,0,2,A,30,8,10,8,2,0,Home,0,0.26666666666666666,0.0,0
30/12/2023,Luton,Chelsea,2,3,A,15,6,7,14,2,0,Home,0,0.4,0.3333333333333333,0
30/12/2023,Aston Villa,Burnley,3,2,H,19,7,6,9,4,0,Home,3,0.3684210526315789,0.42857142857142855,0
30/12/2023,Crystal Palace,Brentford,3,1,H,13,6,7,14,0,0,Home,3,0.46153846153846156,0.5,0
30/12/2023,Man City,Sheffield United,2,0,H,18,4,12,5,1,0,Home,3,0.2222222222222222,0.5,1
30/12/2023,Wolves,Everton,3,0,H,12,6,5,9,2,0,Home,3,0.5,0.5,1
30/12/2023,Nott'm Forest,Man United,2,1,H,8,2,4,9,2,0,Home,3,0.25,1.0,0
31/12/2023,Fulham,Arsenal,2,1,H,15,4,5,11,4,0,Home,3,0.26666666666666666,0.5,0
31/12/2023,Tottenham,Bournemouth,3,1,H,12,6,4,9,3,0,Home,3,0.5,0.5,0
01/01/2024,Liverpool,Newcastle,4,2,H,34,15,7,16,3,0,Home,3,0.4411764705882353,0.26666666666666666,0
02/01/2024,West Ham,Brighton,0,0,D,6,2,2,4,1,0,Home,1,0.3333333333333333,0.0,1
12/01/2024,Burnley,Luton,1,1,D,13,7,2,7,1,0,Home,1,0.5384615384615384,0.14285714285714285,0
13/01/2024,Chelsea,Fulham,1,0,H,17,3,6,13,5,0,Home,3,0.17647058823529413,0.3333333333333333,1
13/01/2024,Newcastle,Man City,2,3,A,12,5,3,7,1,0,Home,0,0.4166666666666667,0.4,0
14/01/2024,Everton,Aston Villa,0,0,D,10,2,4,13,1,0,Home,1,0.2,0.0,1
14/01/2024,Man United,Tottenham,2,2,D,9,2,8,8,2,0,Home,1,0.2222222222222222,1.0,0
20/01/2024,Arsenal,Crystal Palace,5,0,H,21,6,6,8,0,0,Home,3,0.2857142857142857,0.8333333333333334,1
20/01/2024,Brentford,Nott'm Forest,3,2,H,11,5,6,10,1,0,Home,3,0.45454545454545453,0.6,0
21/01/2024,Sheffield United,West Ham,2,2,D,21,6,4,11,3,1,Home,1,0.2857142857142857,0.3333333333333333,0
21/01/2024,Bournemouth,Liverpool,0,4,A,11,1,8,9,1,0,Home,0,0.09090909090909091,0.0,0
22/01/2024,Brighton,Wolves,0,0,D,11,4,8,10,1,0,Home,1,0.36363636363636365,0.0,1
30/01/2024,Nott'm Forest,Arsenal,1,2,A,9,3,2,6,0,0,Home,0,0.3333333333333333,0.3333333333333333,0
30/01/2024,Fulham,Everton,0,0,D,25,6,15,6,1,0,Home,1,0.24,0.0,1
30/01/2024,Luton,Brighton,4,0,H,18,8,7,13,2,0,Home,3,0.4444444444444444,0.5,1
30/01/2024,Crystal Palace,Sheffield United,3,2,H,12,4,11,8,1,0,Home,3,0.3333333333333333,0.75,0
30/01/2024,Aston Villa,Newcastle,1,3,A,12,6,8,14,4,0,Home,0,0.5,0.16666666666666666,0
31/01/2024,Man City,Burnley,3,1,H,14,4,7,3,2,0,Home,3,0.2857142857142857,0.75,0
31/01/2024,Tottenham,Brentford,3,2,H,19,5,5,13,2,0,Home,3,0.2631578947368421,0.6,0
31/01/2024,Liverpool,Chelsea,4,1,H,28,13,8,15,2,0,Home,3,0.4642857142857143,0.3076923076923077,0
01/02/2024,West Ham,Bournemouth,1,1,D,9,3,1,13,1,0,Home,1,0.3333333333333333,0.3333333333333333,0
01/02/2024,Wolves,Man United,3,4,A,16,7,4,10,2,0,Home,0,0.4375,0.42857142857142855,0
03/02/2024,Everton,Tottenham,2,2,D,14,5,9,8,3,0,Home,1,0.35714285714285715,0.4,0
03/02/2024,Brighton,Crystal Palace,4,1,H,13,6,3,8,1,0,Home,3,0.46153846153846156,0.6666666666666666,0
03/02/2024,Burnley,Fulham,2,2,D,12,4,2,11,2,0,Home,1,0.3333333333333333,0.5,0
03/02/2024,Newcastle,Luton,4,4,D,19,6,8,13,2,0,Home,1,0.3157894736842105,0.6666666666666666,0
03/02/2024,Sheffield United,Aston Villa,0,5,A,10,5,3,10,1,0,Home,0,0.5,0.0,0
04/02/2024,Bournemouth,Nott'm Forest,1,1,D,9,2,11,19,3,1,Home,1,0.2222222222222222,0.5,0
04/02/2024,Chelsea,Wolves,2,4,A,15,6,10,15,3,0,Home,0,0.4,0.3333333333333333,0
04/02/2024,Man United,West Ham,3,0,H,12,5,5,10,0,0,Home,3,0.4166666666666667,0.6,1
04/02/2024,Arsenal,Liverpool,3,1,H,15,7,2,11,6,0,Home,3,0.4666666666666667,0.42857142857142855,0
05/02/2024,Brentford,Man City,1,3,A,9,3,8,2,1,0,Home,0,0.3333333333333333,0.3333333333333333,0
10/02/2024,Man City,Everton,2,0,H,19,3,9,6,0,0,Home,3,0.15789473684210525,0.6666666666666666,1
10/02/2024,Fulham,Bournemouth,3,1,H,7,6,1,11,1,0,Home,3,0.8571428571428571,0.5,0
10/02/2024,Liverpool,Burnley,3,1,H,25,10,9,11,3,0,Home,3,0.4,0.3,0
10/02/2024,Luton,Sheffield United,1,3,A,20,5,13,7,1,0,Home,0,0.25,0.2,0
10/02/2024,Tottenham,Brighton,2,1,H,16,6,9,14,2,0,Home,3,0.375,0.3333333333333333,0
10/02/2024,Wolves,Brentford,0,2,A,17,5,7,11,2,0,Home,0,0.29411764705882354,0.0,0
10/02/2024,Nott'm Forest,Newcastle,2,3,A,13,3,4,9,1,0,Home,0,0.23076923076923078,0.6666666666666666,0
11/02/2024,West Ham,Arsenal,0,6,A,5,1,2,17,4,0,Home,0,0.2,0.0,0
11/02/2024,Aston Villa,Man United,1,2,A,23,10,10,9,3,0,Home,0,0.43478260869565216,0.1,0
12/02/2024,Crystal Palace,Chelsea,1,3,A,13,4,1,14,2,0,Home,0,0.3076923076923077,0.25,0
17/02/2024,Brentford,Liverpool,1,4,A,15,6,1,4,2,0,Home,0,0.4,0.16666666666666666,0
17/02/2024,Burnley,Arsenal,0,5,A,8,0,4,11,2,0,Home,0,0.0,0.0,0
17/02/2024,Fulham,Aston Villa,1,2,A,15,4,4,11,5,0,Home,0,0.26666666666666666,0.25,0
17/02/2024,Newcastle,Bournemouth,2,2,D,17,5,4,9,1,0,Home,1,0.29411764705882354,0.4,0
17/02/2024,Nott'm Forest,West Ham,2,0,H,19,8,5,13,4,0,Home,3,0.42105263157894735,0.25,1
17/02/2024,Tottenham,Wolves,1,2,A,15,4,10,8,0,0,Home,0,0.26666666666666666,0.25,0
17/02/2024,Man City,Chelsea,1,1,D,31,5,12,7,1,0,Home,1,0.16129032258064516,0.2,0
18/02/2024,Sheffield United,Brighton,0,5,A,6,1,5,3,1,1,Home,0,0.16666666666666666,0.0,0
18/02/2024,Luton,Man United,1,2,A,22,4,8,7,3,0,Home,0,0.18181818181818182,0.25,0
19/02/2024,Everton,Crystal Palace,1,1,D,19,4,3,8,0,0,Home,1,0.21052631578947367,0.25,0
20/02/2024,Man City,Brentford,1,0,H,25,11,10,12,2,0,Home,3,0.44,0.09090909090909091,1
21/02/2024,Liverpool,Luton,4,1,H,29,13,13,15,1,0,Home,3,0.4482758620689655,0.3076923076923077,0
24/02/2024,Aston Villa,Nott'm Forest,4,2,H,16,6,7,7,1,0,Home,3,0.375,0.6666666666666666,0
24/02/2024,Brighton,Everton,1,1,D,23,7,11,9,2,1,Home,1,0.30434782608695654,0.14285714285714285,0
24/02/2024,Crystal Palace,Burnley,3,0,H,15,6,12,8,3,0,Home,3,0.4,0.5,1
24/02/2024,Man United,Fulham,1,2,A,21,9,10,6,2,0,Home,0,0.42857142857142855,0.1111111111111111,0
24/02/2024,Bournemouth,Man City,0,1,A,13,4,3,14,2,0,Home,0,0.3076923076923077,0.0,0
24/02/2024,Arsenal,Newcastle,4,1,H,18,8,9,15,1,0,Home,3,0.4444444444444444,0.5,0
25/02/2024,Wolves,Sheffield United,1,0,H,13,2,5,8,2,0,Home,3,0.15384615384615385,0.5,1
26/02/2024,West Ham,Brentford,4,2,H,17,6,1,5,1,0,Home,3,0.35294117647058826,0.6666666666666666,0
02/03/2024,Brentford,Chelsea,2,2,D,14,5,0,10,3,0,Home,1,0.35714285714285715,0.4,0
02/03/2024,Everton,West Ham,1,3,A,22,11,4,9,1,0,Home,0,0.5,0.09090909090909091,0
02/03/2024,Fulham,Brighton,3,0,H,12,5,2,16,1,0,Home,3,0.4166666666666667,0.6,1
02/03/2024,Newcastle,Wolves,3,0,H,14,7,3,8,0,0,Home,3,0.5,0.42857142857142855,1
02/03/2024,Nott'm Forest,Liverpool,0,1,A,8,2,3,11,2,0,Home,0,0.25,0.0,0
02/03/2024,Tottenham,Crystal Palace,3,1,H,14,6,11,7,1,0,Home,3,0.42857142857142855,0.5,0
02/03/2024,Luton,Aston Villa,2,3,A,13,5,8,8,1,0,Home,0,0.38461538461538464,0.4,0
03/03/2024,Burnley,Bournemouth,0,2,A,20,6,7,8,2,0,Home,0,0.3,0.0,0
03/03/2024,Man City,Man United,3,1,H,27,8,15,5,0,0,Home,3,0.2962962962962963,0.375,0
04/03/2024,Sheffield United,Arsenal,0,6,A,4,0,0,11,1,0,Home,0,0.0,0.0,0
09/03/2024,Man United,Everton,2,0,H,15,8,5,13,1,0,Home,3,0.5333333333333333,0.25,1
09/03/2024,Bournemouth,Sheffield United,2,2,D,32,12,10,12,3,0,Home,1,0.375,0.16666666666666666,0
09/03/2024,Crystal Palace,Luton,1,1,D,21,4,8,20,2,0,Home,1,0.19047619047619047,0.25,0
09/03/2024,Wolves,Fulham,2,1,H,8,3,3,7,2,0,Home,3,0.375,0.6666666666666666,0
09/03/2024,Arsenal,Brentford,2,1,H,17,6,10,9,2,0,Home,3,0.35294117647058826,0.3333333333333333,0
10/03/2024,Aston Villa,Tottenham,0,4,A,10,1,6,11,0,1,Home,0,0.1,0.0,0
10/03/2024,Brighton,Nott'm Forest,1,0,H,10,3,6,14,4,0,Home,3,0.3,0.3333333333333333,1
10/03/2024,West Ham,Burnley,2,2,D,22,4,4,11,2,0,Home,1,0.18181818181818182,0.5,0
10/03/2024,Liverpool,Man City,1,1,D,19,6,7,6,0,0,Home,1,0.3157894736842105,0.16666666666666666,0
11/03/2024,Chelsea,Newcastle,3,2,H,12,8,0,12,3,0,Home,3,0.6666666666666666,0.375,0
13/03/2024,Bournemouth,Luton,4,3,H,24,10,11,16,1,0,Home,3,0.4166666666666667,0.4,0
16/03/2024,Burnley,Brentford,2,1,H,17,6,5,14,2,0,Home,3,0.35294117647058826,0.3333333333333333,0
16/03/2024,Luton,Nott'm Forest,1,1,D,10,4,6,10,1,0,Home,1,0.4,0.25,0
16/03/2024,Fulham,Tottenham,3,0,H,16,7,4,9,2,0,Home,3,0.4375,0.42857142857142855,1
17/03/2024,West Ham,Aston Villa,1,1,D,13,5,7,13,3,0,Home,1,0.38461538461538464,0.2,0
30/03/2024,Newcastle,West Ham,4,3,H,24,9,3,9,1,1,Home,3,0.375,0.4444444444444444,0
30/03/2024,Bournemouth,Everton,2,1,H,11,4,9,14,1,0,Home,3,0.36363636363636365,0.5,0
30/03/2024,Chelsea,Burnley,2,2,D,33,13,12,12,2,0,Home,1,0.3939393939393939,0.15384615384615385,0
30/03/2024,Nott'm Forest,Crystal Palace,1,1,D,12,5,4,14,1,0,Home,1,0.4166666666666667,0.2,0
30/03/2024,Sheffield United,Fulham,3,3,D,8,4,2,10,4,0,Home,1,0.5,0.75,0
30/03/2024,Tottenham,Luton,2,1,H,17,4,3,16,2,0,Home,3,0.23529411764705882,0.5,0
30/03/2024,Aston Villa,Wolves,2,0,H,11,5,5,11,3,0,Home,3,0.45454545454545453,0.4,1
30/03/2024,Brentford,Man United,1,1,D,31,5,14,7,2,0,Home,1,0.16129032258064516,0.2,0
31/03/2024,Liverpool,Brighton,2,1,H,30,8,8,20,5,0,Home,3,0.26666666666666666,0.25,0
31/03/2024,Man City,Arsenal,0,0,D,12,1,7,9,0,0,Home,1,0.08333333333333333,0.0,1
02/04/2024,Newcastle,Everton,1,1,D,18,6,7,9,0,0,Home,1,0.3333333333333333,0.16666666666666666,0
02/04/2024,Nott'm Forest,Fulham,3,1,H,16,4,3,7,0,0,Home,3,0.25,0.75,0
02/04/2024,Bournemouth,Crystal Palace,1,0,H,11,6,9,13,3,0,Home,3,0.5454545454545454,0.16666666666666666,1
02/04/2024,Burnley,Wolves,1,1,D,13,6,7,10,0,0,Home,1,0.46153846153846156,0.16666666666666666,0
02/04/2024,West Ham,Tottenham,1,1,D,11,4,9,13,1,0,Home,1,0.36363636363636365,0.25,0
03/04/2024,Arsenal,Luton,2,0,H,13,4,3,12,1,0,Home,3,0.3076923076923077,0.5,1
03/04/2024,Brentford,Brighton,0,0,D,5,2,1,9,1,0,Home,1,0.4,0.0,1
03/04/2024,Man City,Aston Villa,4,1,H,25,11,2,6,1,0,Home,3,0.44,0.36363636363636365,0
04/04/2024,Liverpool,Sheffield United,3,1,H,29,9,13,6,0,0,Home,3,0.3103448275862069,0.3333333333333333,0
04/04/2024,Chelsea,Man United,4,3,H,28,10,12,7,3,0,Home,3,0.35714285714285715,0.4,0
06/04/2024,Crystal Palace,Man City,2,4,A,7,4,2,13,1,0,Home,0,0.5714285714285714,0.5,0
06/04/2024,Aston Villa,Brentford,3,3,D,11,3,11,15,2,0,Home,1,0.2727272727272727,1.0,0
06/04/2024,Everton,Burnley,1,0,H,12,3,3,11,2,0,Home,3,0.25,0.3333333333333333,1
06/04/2024,Fulham,Newcastle,0,1,A,14,4,14,10,1,0,Home,0,0.2857142857142857,0.0,0
06/04/2024,Luton,Bournemouth,2,1,H,19,9,7,7,0,0,Home,3,0.47368421052631576,0.2222222222222222,0
06/04/2024,Wolves,West Ham,1,2,A,14,7,4,15,5,0,Home,0,0.5,0.14285714285714285,0
06/04/2024,Brighton,Arsenal,0,3,A,10,2,8,14,1,0,Home,0,0.2,0.0,0
07/04/2024,Man United,Liverpool,2,2,D,9,5,6,9,5,0,Home,1,0.5555555555555556,0.4,0
07/04/2024,Sheffield United,Chelsea,2,2,D,11,6,7,12,4,0,Home,1,0.5454545454545454,0.3333333333333333,0
07/04/2024,Tottenham,Nott'm Forest,3,1,H,17,7,12,11,2,0,Home,3,0.4117647058823529,0.42857142857142855,0
13/04/2024,Newcastle,Tottenham,4,0,H,18,5,16,14,0,0,Home,3,0.2777777777777778,0.8,1
13/04/2024,Brentford,Sheffield United,2,0,H,9,5,3,8,3,0,Home,3,0.5555555555555556,0.4,1
13/04/2024,Burnley,Brighton,1,1,D,11,3,4,18,1,0,Home,1,0.2727272727272727,0.3333333333333333,0
13/04/2024,Man City,Luton,5,1,H,33,13,12,7,1,0,Home,3,0.3939393939393939,0.38461538461538464,0
13/04/2024,Nott'm Forest,Wolves,2,2,D,18,9,10,15,2,0,Home,1,0.5,0.2222222222222222,0
13/04/2024,Bournemouth,Man United,2,2,D,20,5,7,13,4,0,Home,1,0.25,0.4,0
14/04/2024,Liverpool,Crystal Palace,0,1,A,21,6,11,10,1,0,Home,0,0.2857142857142857,0.0,0
14/04/2024,West Ham,Fulham,0,2,A,15,4,8,6,1,0,Home,0,0.26666666666666666,0.0,0
14/04/2024,Arsenal,Aston Villa,0,2,A,18,4,4,12,3,0,Home,0,0.2222222222222222,0.0,0
15/04/2024,Chelsea,Everton,6,0,H,14,10,4,5,1,0,Home,3,0.7142857142857143,0.6,1
20/04/2024,Luton,Brentford,1,5,A,6,3,4,13,1,0,Home,0,0.5,0.3333333333333333,0
20/04/2024,Sheffield United,Burnley,1,4,A,18,11,11,10,1,0,Home,0,0.6111111111111112,0.09090909090909091,0
20/04/2024,Wolves,Arsenal,0,2,A,5,3,1,14,3,0,Home,0,0.6,0.0,0
21/04/2024,Everton,Nott'm Forest,2,0,H,7,4,6,15,3,0,Home,3,0.5714285714285714,0.5,1
21/04/2024,Aston Villa,Bournemouth,3,1,H,14,4,8,8,1,0,Home,3,0.2857142857142857,0.75,0
21/04/2024,Crystal Palace,West Ham,5,2,H,18,7,4,9,3,0,Home,3,0.3888888888888889,0.7142857142857143,0
21/04/2024,Fulham,Liverpool,1,3,A,12,5,1,5,3,0,Home,0,0.4166666666666667,0.2,0
23/04/2024,Arsenal,Chelsea,5,0,H,27,10,4,12,2,0,Home,3,0.37037037037037035,0.5,1
24/04/2024,Wolves,Bournemouth,0,1,A,15,4,8,10,4,0,Home,0,0.26666666666666666,0.0,0
24/04/2024,Crystal Palace,Newcastle,2,0,H,20,7,7,10,3,0,Home,3,0.35,0.2857142857142857,1
24/04/2024,Everton,Liverpool,2,0,H,16,6,4,6,0,0,Home,3,0.375,0.3333333333333333,1
24/04/2024,Man United,Sheffield United,4,2,H,25,13,9,7,0,0,Home,3,0.52,0.3076923076923077,0
25/04/2024,Brighton,Man City,0,4,A,7,3,4,10,2,0,Home,0,0.42857142857142855,0.0,0
27/04/2024,West Ham,Liverpool,2,2,D,11,8,5,8,0,0,Home,1,0.7272727272727273,0.25,0
27/04/2024,Fulham,Crystal Palace,1,1,D,9,2,5,11,0,0,Home,1,0.2222222222222222,0.5,0
27/04/2024,Man United,Burnley,1,1,D,27,10,6,7,1,0,Home,1,0.37037037037037035,0.1,0
27/04/2024,Newcastle,Sheffield United,5,1,H,20,7,4,9,0,0,Home,3,0.35,0.7142857142857143,0
27/04/2024,Wolves,Luton,2,1,H,13,5,4,14,3,0,Home,3,0.38461538461538464,0.4,0
27/04/2024,Everton,Brentford,1,0,H,18,1,6,10,1,0,Home,3,0.05555555555555555,1.0,1
27/04/2024,Aston Villa,Chelsea,2,2,D,9,4,2,13,3,0,Home,1,0.4444444444444444,0.5,0
28/04/2024,Bournemouth,Brighton,3,0,H,15,6,8,14,2,0,Home,3,0.4,0.5,1
28/04/2024,Tottenham,Arsenal,2,3,A,14,2,8,12,2,0,Home,0,0.14285714285714285,1.0,0
28/04/2024,Nott'm Forest,Man City,0,2,A,14,2,4,8,0,0,Home,0,0.14285714285714285,0.0,0
02/05/2024,Chelsea,Tottenham,2,0,H,16,5,4,12,0,0,Home,3,0.3125,0.4,1
03/05/2024,Luton,Everton,1,1,D,18,5,8,14,1,0,Home,1,0.2777777777777778,0.2,0
04/05/2024,Arsenal,Bournemouth,3,0,H,25,9,6,16,2,0,Home,3,0.36,0.3333333333333333,1
04/05/2024,Brentford,Fulham,0,0,D,7,3,7,3,1,0,Home,1,0.42857142857142855,0.0,1
04/05/2024,Burnley,Newcastle,1,4,A,17,5,4,8,2,0,Home,0,0.29411764705882354,0.2,0
04/05/2024,Sheffield United,Nott'm Forest,1,3,A,17,5,5,9,0,1,Home,0,0.29411764705882354,0.2,0
04/05/2024,Man City,Wolves,5,1,H,20,12,6,4,0,0,Home,3,0.6,0.4166666666666667,0
05/05/2024,Brighton,Aston Villa,1,0,H,15,8,7,13,2,0,Home,3,0.5333333333333333,0.125,1
05/05/2024,Chelsea,West Ham,5,0,H,25,14,8,12,1,0,Home,3,0.56,0.35714285714285715,1
05/05/2024,Liverpool,Tottenham,4,2,H,25,13,8,14,1,0,Home,3,0.52,0.3076923076923077,0
06/05/2024,Crystal Palace,Man United,4,0,H,18,10,6,12,1,0,Home,3,0.5555555555555556,0.4,1
11/05/2024,Fulham,Man City,0,4,A,1,1,1,9,1,1,Home,0,1.0,0.0,0
11/05/2024,Bournemouth,Brentford,1,2,A,13,4,3,16,2,0,Home,0,0.3076923076923077,0.25,0
11/05/2024,Everton,Sheffield United,1,0,H,15,6,3,6,1,0,Home,3,0.4,0.16666666666666666,1
11/05/2024,Newcastle,Brighton,1,1,D,18,7,8,9,3,0,Home,1,0.3888888888888889,0.14285714285714285,0
11/05/2024,Tottenham,Burnley,2,1,H,21,9,9,10,3,0,Home,3,0.42857142857142855,0.2222222222222222,0
11/05/2024,West Ham,Luton,3,1,H,24,8,7,9,1,0,Home,3,0.3333333333333333,0.375,0
11/05/2024,Wolves,Crystal Palace,1,3,A,13,7,8,13,3,0,Home,0,0.5384615384615384,0.14285714285714285,0
11/05/2024,Nott'm Forest,Chelsea,2,3,A,20,4,5,14,2,0,Home,0,0.2,0.5,0
12/05/2024,Man United,Arsenal,0,1,A,14,2,4,5,0,0,Home,0,0.14285714285714285,0.0,0
13/05/2024,Aston Villa,Liverpool,3,3,D,19,5,5,11,1,0,Home,1,0.2631578947368421,0.6,0
14/05/2024,Tottenham,Man City,0,2,A,10,5,7,14,3,0,Home,0,0.5,0.0,0
15/05/2024,Brighton,Chelsea,1,2,A,12,2,4,13,2,0,Home,0,0.16666666666666666,0.5,0
15/05/2024,Man United,Newcastle,3,2,H,17,8,9,16,3,0,Home,3,0.47058823529411764,0.375,0
19/05/2024,Arsenal,Everton,2,1,H,26,5,8,8,4,0,Home,3,0.19230769230769232,0.4,0
19/05/2024,Brentford,Newcastle,2,4,A,10,5,3,15,4,0,Home,0,0.5,0.4,0
19/05/2024,Brighton,Man United,0,2,A,17,3,7,10,1,0,Home,0,0.17647058823529413,0.0,0
19/05/2024,Burnley,Nott'm Forest,1,2,A,20,3,4,11,1,0,Home,0,0.15,0.3333333333333333,0
19/05/2024,Chelsea,Bournemouth,2,1,H,16,6,6,5,2,0,Home,3,0.375,0.3333333333333333,0
19/05/2024,Crystal Palace,Aston Villa,5,0,H,15,9,2,10,1,0,Home,3,0.6,0.5555555555555556,1
19/05/2024,Liverpool,Wolves,2,0,H,36,14,10,14,1,0,Home,3,0.3888888888888889,0.14285714285714285,1
19/05/2024,Luton,Fulham,2,4,A,15,6,4,15,5,0,Home,0,0.4,0.3333333333333333,0
19/05/2024,Man City,West Ham,3,1,H,28,12,11,3,0,0,Home,3,0.42857142857142855,0.25,0
19/05/2024,Sheffield United,Tottenham,0,3,A,6,1,2,11,2,0,Home,0,0.16666666666666666,0.0,0
11/08/2023,Man City,Burnley,3,0,A,17,8,5,8,0,0,Away,3,0.47058823529411764,0.375,1
12/08/2023,Nott'm Forest,Arsenal,1,2,H,6,2,3,12,2,0,Away,0,0.3333333333333333,0.5,0
12/08/2023,West Ham,Bournemouth,1,1,D,16,3,4,14,4,0,Away,1,0.1875,0.3333333333333333,0
12/08/2023,Luton,Brighton,1,4,H,9,3,7,12,2,0,Away,0,0.3333333333333333,0.3333333333333333,0
12/08/2023,Fulham,Everton,1,0,A,9,2,4,6,2,0,Away,3,0.2222222222222222,0.5,1
12/08/2023,Crystal Palace,Sheffield United,1,0,A,24,8,5,11,0,0,Away,3,0.3333333333333333,0.125,1
12/08/2023,Aston Villa,Newcastle,1,5,H,16,6,5,17,4,0,Away,0,0.375,0.16666666666666666,0
13/08/2023,Tottenham,Brentford,2,2,D,18,6,6,13,4,0,Away,1,0.3333333333333333,0.3333333333333333,0
13/08/2023,Liverpool,Chelsea,1,1,D,13,1,4,12,3,0,Away,1,0.07692307692307693,1.0,0
14/08/2023,Wolves,Man United,0,1,H,23,6,7,10,3,0,Away,0,0.2608695652173913,0.0,0
18/08/2023,Sheffield United,Nott'm Forest,1,2,H,7,3,7,9,3,0,Away,0,0.42857142857142855,0.3333333333333333,0
19/08/2023,Brentford,Fulham,3,0,A,17,8,5,12,2,0,Away,3,0.47058823529411764,0.375,1
19/08/2023,Bournemouth,Liverpool,1,3,H,13,5,2,13,3,0,Away,0,0.38461538461538464,0.2,0
19/08/2023,Brighton,Wolves,4,1,A,16,8,3,11,6,0,Away,3,0.5,0.5,0
19/08/2023,Man United,Tottenham,0,2,H,22,6,6,8,3,0,Away,0,0.2727272727272727,0.0,0
19/08/2023,Newcastle,Man City,0,1,H,7,1,0,11,5,0,Away,0,0.14285714285714285,0.0,0
20/08/2023,Everton,Aston Villa,0,4,H,9,2,6,12,4,0,Away,0,0.2222222222222222,0.0,0
20/08/2023,Chelsea,West Ham,1,3,H,17,4,9,9,3,0,Away,0,0.23529411764705882,0.25,0
21/08/2023,Arsenal,Crystal Palace,1,0,A,14,3,8,10,1,1,Away,3,0.21428571428571427,0.3333333333333333,1
25/08/2023,Luton,Chelsea,0,3,H,11,1,4,12,3,0,Away,0,0.09090909090909091,0.0,0
26/08/2023,Tottenham,Bournemouth,2,0,A,17,6,2,11,3,0,Away,3,0.35294117647058826,0.3333333333333333,1
26/08/2023,Fulham,Arsenal,2,2,D,8,3,3,5,3,1,Away,1,0.375,0.6666666666666666,0
26/08/2023,Crystal Palace,Brentford,1,1,D,15,5,6,15,0,0,Away,1,0.3333333333333333,0.2,0
26/08/2023,Wolves,Everton,1,0,A,11,2,0,14,4,0,Away,3,0.18181818181818182,0.5,1
26/08/2023,Nott'm Forest,Man United,2,3,H,9,4,3,11,4,1,Away,0,0.4444444444444444,0.5,0
26/08/2023,West Ham,Brighton,3,1,A,12,3,4,9,3,0,Away,3,0.25,1.0,0
27/08/2023,Aston Villa,Burnley,3,1,A,16,6,6,11,0,0,Away,3,0.375,0.5,0
27/08/2023,Man City,Sheffield United,2,1,A,30,9,12,2,0,0,Away,3,0.3,0.2222222222222222,0
27/08/2023,Liverpool,Newcastle,2,1,A,9,4,9,10,2,1,Away,3,0.4444444444444444,0.5,0
01/09/2023,West Ham,Luton,2,1,A,9,3,6,13,1,0,Away,3,0.3333333333333333,0.6666666666666666,0
02/09/2023,Everton,Sheffield United,2,2,D,16,6,6,13,2,0,Away,1,0.375,0.3333333333333333,0
02/09/2023,Bournemouth,Brentford,2,2,D,12,5,2,13,2,0,Away,1,0.4166666666666667,0.4,0
02/09/2023,Tottenham,Burnley,5,2,A,20,10,4,9,3,0,Away,3,0.5,0.5,0
02/09/2023,Nott'm Forest,Chelsea,1,0,A,7,3,0,9,4,0,Away,3,0.42857142857142855,0.3333333333333333,1
02/09/2023,Fulham,Man City,1,5,H,6,4,5,12,4,0,Away,0,0.6666666666666666,0.25,0
02/09/2023,Newcastle,Brighton,1,3,H,9,2,3,17,4,0,Away,0,0.2222222222222222,0.5,0
03/09/2023,Wolves,Crystal Palace,2,3,H,12,4,2,12,3,0,Away,0,0.3333333333333333,0.5,0
03/09/2023,Aston Villa,Liverpool,0,3,H,9,3,3,7,1,0,Away,0,0.3333333333333333,0.0,0
03/09/2023,Man United,Arsenal,1,3,H,10,2,3,7,3,0,Away,0,0.2,0.5,0
16/09/2023,Liverpool,Wolves,3,1,A,16,6,4,4,3,0,Away,3,0.375,0.5,0
16/09/2023,Crystal Palace,Aston Villa,1,3,H,6,3,2,9,3,0,Away,0,0.5,0.3333333333333333,0
16/09/2023,Luton,Fulham,0,1,H,7,2,2,14,2,0,Away,0,0.2857142857142857,0.0,0
16/09/2023,Brighton,Man United,3,1,A,10,8,1,9,2,0,Away,3,0.8,0.375,0
16/09/2023,Sheffield United,Tottenham,1,2,H,7,5,2,14,5,1,Away,0,0.7142857142857143,0.2,0
16/09/2023,Man City,West Ham,3,1,A,29,15,11,11,2,0,Away,3,0.5172413793103449,0.2,0
16/09/2023,Brentford,Newcastle,0,1,H,11,2,3,12,5,0,Away,0,0.18181818181818182,0.0,0
17/09/2023,Chelsea,Bournemouth,0,0,D,14,6,7,20,5,0,Away,1,0.42857142857142855,0.0,1
17/09/2023,Arsenal,Everton,1,0,A,13,4,11,10,1,0,Away,3,0.3076923076923077,0.25,1
18/09/2023,Burnley,Nott'm Forest,1,1,D,10,3,4,10,3,1,Away,1,0.3,0.3333333333333333,0
23/09/2023,Fulham,Crystal Palace,0,0,D,10,5,2,15,2,0,Away,1,0.5,0.0,1
23/09/2023,Wolves,Luton,1,1,D,3,3,1,17,2,1,Away,1,1.0,0.3333333333333333,0
23/09/2023,Nott'm Forest,Man City,0,2,H,10,3,6,17,7,0,Away,0,0.3,0.0,0
23/09/2023,Everton,Brentford,3,1,A,18,6,4,12,2,0,Away,3,0.3333333333333333,0.5,0
23/09/2023,Man United,Burnley,1,0,A,11,4,5,12,2,0,Away,3,0.36363636363636365,0.25,1
24/09/2023,Tottenham,Arsenal,2,2,D,13,5,4,19,4,0,Away,1,0.38461538461538464,0.4,0
24/09/2023,Bournemouth,Brighton,1,3,H,12,4,4,17,3,0,Away,0,0.3333333333333333,0.25,0
24/09/2023,Aston Villa,Chelsea,1,0,A,15,7,11,11,3,0,Away,3,0.4666666666666667,0.14285714285714285,1
24/09/2023,West Ham,Liverpool,1,3,H,11,4,4,13,2,0,Away,0,0.36363636363636365,0.25,0
24/09/2023,Newcastle,Sheffield United,8,0,A,22,15,6,8,0,0,Away,3,0.6818181818181818,0.5333333333333333,1
30/09/2023,Brighton,Aston Villa,1,6,H,11,3,3,21,4,0,Away,0,0.2727272727272727,0.3333333333333333,0
30/09/2023,Arsenal,Bournemouth,4,0,A,15,8,6,10,1,0,Away,3,0.5333333333333333,0.5,1
30/09/2023,Luton,Everton,2,1,A,9,2,6,10,1,0,Away,3,0.2222222222222222,1.0,0
30/09/2023,Crystal Palace,Man United,1,0,A,8,2,4,8,2,0,Away,3,0.25,0.5,1
30/09/2023,Burnley,Newcastle,0,2,H,8,2,3,15,3,0,Away,0,0.25,0.0,0
30/09/2023,Sheffield United,West Ham,0,2,H,16,2,4,9,1,0,Away,0,0.125,0.0,0
30/09/2023,Man City,Wolves,1,2,H,23,8,6,12,4,0,Away,0,0.34782608695652173,0.125,0
30/09/2023,Liverpool,Tottenham,1,2,H,12,4,5,17,4,2,Away,0,0.3333333333333333,0.25,0
01/10/2023,Brentford,Nott'm Forest,1,1,D,18,5,11,10,2,0,Away,1,0.2777777777777778,0.2,0
02/10/2023,Chelsea,Fulham,2,0,A,11,4,1,12,4,0,Away,3,0.36363636363636365,0.5,1
03/10/2023,Burnley,Luton,2,1,A,14,4,6,6,2,0,Away,3,0.2857142857142857,0.5,0
07/10/2023,Tottenham,Luton,1,0,A,15,4,6,7,1,1,Away,3,0.26666666666666666,0.25,1
07/10/2023,Chelsea,Burnley,4,1,A,9,5,3,8,4,0,Away,3,0.5555555555555556,0.8,0
07/10/2023,Bournemouth,Everton,0,3,H,11,4,7,15,2,0,Away,0,0.36363636363636365,0.0,0
07/10/2023,Sheffield United,Fulham,1,3,H,5,2,4,10,2,0,Away,0,0.4,0.5,0
07/10/2023,Brentford,Man United,1,2,H,11,3,5,17,5,0,Away,0,0.2727272727272727,0.3333333333333333,0
07/10/2023,Nott'm Forest,Crystal Palace,0,0,D,16,5,7,12,1,0,Away,1,0.3125,0.0,1
08/10/2023,Liverpool,Brighton,2,2,D,14,4,1,20,2,0,Away,1,0.2857142857142857,0.5,0
08/10/2023,Newcastle,West Ham,2,2,D,10,3,2,18,3,0,Away,1,0.3,0.6666666666666666,0
08/10/2023,Aston Villa,Wolves,1,1,D,18,4,10,9,2,0,Away,1,0.2222222222222222,0.25,0
08/10/2023,Man City,Arsenal,0,1,H,4,1,4,7,3,0,Away,0,0.25,0.0,0
21/10/2023,Everton,Liverpool,0,2,H,6,1,4,9,1,1,Away,0,0.16666666666666666,0.0,0
21/10/2023,Wolves,Bournemouth,2,1,A,20,7,12,10,6,0,Away,3,0.35,0.2857142857142857,0
21/10/2023,Burnley,Brentford,0,3,H,6,1,5,12,2,1,Away,0,0.16666666666666666,0.0,0
21/10/2023,Brighton,Man City,1,2,H,5,3,2,11,2,0,Away,0,0.6,0.3333333333333333,0
21/10/2023,Crystal Palace,Newcastle,0,4,H,17,3,8,12,3,0,Away,0,0.17647058823529413,0.0,0
21/10/2023,Luton,Nott'm Forest,2,2,D,13,4,2,11,0,0,Away,1,0.3076923076923077,0.5,0
21/10/2023,Arsenal,Chelsea,2,2,D,13,3,7,14,3,0,Away,1,0.23076923076923078,0.6666666666666666,0
21/10/2023,Man United,Sheffield United,2,1,A,14,5,4,10,1,0,Away,3,0.35714285714285715,0.4,0
22/10/2023,West Ham,Aston Villa,1,4,H,14,4,7,15,1,0,Away,0,0.2857142857142857,0.25,0
23/10/2023,Fulham,Tottenham,0,2,H,10,3,5,14,0,0,Away,0,0.3,0.0,0
27/10/2023,Tottenham,Crystal Palace,2,1,A,10,1,2,11,1,0,Away,3,0.1,2.0,0
28/10/2023,Brentford,Chelsea,2,0,A,7,5,1,7,4,0,Away,3,0.7142857142857143,0.4,1
28/10/2023,Sheffield United,Arsenal,0,5,H,2,0,1,13,3,0,Away,0,0.0,0.0,0
28/10/2023,Burnley,Bournemouth,1,2,H,6,3,5,12,3,0,Away,0,0.5,0.3333333333333333,0
28/10/2023,Newcastle,Wolves,2,2,D,13,5,7,15,4,0,Away,1,0.38461538461538464,0.4,0
29/10/2023,Everton,West Ham,1,0,A,10,4,3,11,1,0,Away,3,0.4,0.25,1
29/10/2023,Luton,Aston Villa,1,3,H,7,1,4,10,2,0,Away,0,0.14285714285714285,1.0,0
29/10/2023,Fulham,Brighton,1,1,D,10,5,3,8,3,0,Away,1,0.5,0.2,0
29/10/2023,Nott'm Forest,Liverpool,0,3,H,9,1,3,13,3,0,Away,0,0.1111111111111111,0.0,0
29/10/2023,Man City,Man United,3,0,A,21,10,12,4,1,0,Away,3,0.47619047619047616,0.3,1
04/11/2023,Man United,Fulham,1,0,A,12,5,4,15,2,0,Away,3,0.4166666666666667,0.2,1
04/11/2023,West Ham,Brentford,2,3,H,12,2,3,14,4,0,Away,0,0.16666666666666666,1.0,0
04/11/2023,Crystal Palace,Burnley,2,0,A,4,3,1,12,5,0,Away,3,0.75,0.6666666666666666,1
04/11/2023,Brighton,Everton,1,1,D,7,2,3,5,2,0,Away,1,0.2857142857142857,0.5,0
04/11/2023,Bournemouth,Man City,1,6,H,5,1,1,9,1,0,Away,0,0.2,1.0,0
04/11/2023,Wolves,Sheffield United,1,2,H,10,3,4,10,3,0,Away,0,0.3,0.3333333333333333,0
04/11/2023,Arsenal,Newcastle,0,1,H,14,1,11,9,1,0,Away,0,0.07142857142857142,0.0,0
05/11/2023,Aston Villa,Nott'm Forest,0,2,H,13,3,10,9,1,0,Away,0,0.23076923076923078,0.0,0
05/11/2023,Liverpool,Luton,1,1,D,24,6,7,13,1,0,Away,1,0.25,0.16666666666666666,0
06/11/2023,Chelsea,Tottenham,4,1,A,17,8,6,21,5,0,Away,3,0.47058823529411764,0.5,0
11/11/2023,Tottenham,Wolves,1,2,H,6,2,3,15,3,0,Away,0,0.3333333333333333,0.5,0
11/11/2023,Burnley,Arsenal,1,3,H,8,5,3,9,1,0,Away,0,0.625,0.2,0
11/11/2023,Everton,Crystal Palace,3,2,A,8,4,2,18,4,0,Away,3,0.5,0.75,0
11/11/2023,Luton,Man United,0,1,H,10,4,3,11,2,0,Away,0,0.4,0.0,0
11/11/2023,Newcastle,Bournemouth,0,2,H,8,5,5,4,1,0,Away,0,0.625,0.0,0
12/11/2023,Fulham,Aston Villa,1,3,H,9,5,2,17,5,0,Away,0,0.5555555555555556,0.2,0
12/11/2023,Sheffield United,Brighton,1,1,D,9,1,3,16,2,0,Away,1,0.1111111111111111,1.0,0
12/11/2023,Brentford,Liverpool,0,3,H,16,3,8,12,2,0,Away,0,0.1875,0.0,0
12/11/2023,Nott'm Forest,West Ham,2,3,H,10,5,4,12,2,0,Away,0,0.5,0.4,0
12/11/2023,Man City,Chelsea,4,4,D,15,10,3,15,3,0,Away,1,0.6666666666666666,0.4,0
25/11/2023,Liverpool,Man City,1,1,D,8,3,6,11,3,0,Away,1,0.375,0.3333333333333333,0
25/11/2023,West Ham,Burnley,2,1,A,11,3,5,7,3,0,Away,3,0.2727272727272727,0.6666666666666666,0
25/11/2023,Crystal Palace,Luton,1,2,H,16,8,5,12,1,0,Away,0,0.5,0.125,0
25/11/2023,Chelsea,Newcastle,1,4,H,7,4,2,19,4,1,Away,0,0.5714285714285714,0.25,0
25/11/2023,Brighton,Nott'm Forest,3,2,A,11,5,4,7,4,1,Away,3,0.45454545454545453,0.6,0
25/11/2023,Bournemouth,Sheffield United,3,1,A,23,11,7,8,1,0,Away,3,0.4782608695652174,0.2727272727272727,0
25/11/2023,Arsenal,Brentford,1,0,A,15,4,8,7,1,0,Away,3,0.26666666666666666,0.25,1
26/11/2023,Aston Villa,Tottenham,2,1,A,15,5,3,13,4,0,Away,3,0.3333333333333333,0.4,0
26/11/2023,Man United,Everton,3,0,A,9,4,5,8,0,0,Away,3,0.4444444444444444,0.75,1
27/11/2023,Wolves,Fulham,2,3,H,10,6,2,13,2,0,Away,0,0.6,0.3333333333333333,0
02/12/2023,Wolves,Arsenal,1,2,H,6,3,0,10,2,0,Away,0,0.5,0.3333333333333333,0
02/12/2023,Luton,Brentford,1,3,H,7,1,5,8,2,0,Away,0,0.14285714285714285,1.0,0
02/12/2023,Sheffield United,Burnley,0,5,H,6,3,1,12,5,1,Away,0,0.5,0.0,0
02/12/2023,Everton,Nott'm Forest,1,0,A,12,3,3,14,0,0,Away,3,0.25,0.3333333333333333,1
02/12/2023,Man United,Newcastle,0,1,H,8,1,3,13,2,0,Away,0,0.125,0.0,0
03/12/2023,Aston Villa,Bournemouth,2,2,D,11,3,7,12,3,0,Away,1,0.2727272727272727,0.6666666666666666,0
03/12/2023,Brighton,Chelsea,2,3,H,18,9,8,12,5,0,Away,0,0.5,0.2222222222222222,0
03/12/2023,Fulham,Liverpool,3,4,H,9,5,4,7,0,0,Away,0,0.5555555555555556,0.6,0
03/12/2023,Crystal Palace,West Ham,1,1,D,9,2,3,7,0,0,Away,1,0.2222222222222222,0.5,0
03/12/2023,Tottenham,Man City,3,3,D,8,4,8,14,4,0,Away,1,0.5,0.75,0
05/12/2023,Burnley,Wolves,0,1,H,12,3,8,15,4,0,Away,0,0.25,0.0,0
05/12/2023,Arsenal,Luton,4,3,A,23,9,8,7,1,0,Away,3,0.391304347826087,0.4444444444444444,0
06/12/2023,Brentford,Brighton,1,2,H,8,2,3,8,1,0,Away,0,0.25,0.5,0
06/12/2023,Bournemouth,Crystal Palace,2,0,A,11,4,9,17,3,0,Away,3,0.36363636363636365,0.5,1
06/12/2023,Nott'm Forest,Fulham,0,5,H,4,1,1,10,1,0,Away,0,0.25,0.0,0
06/12/2023,Liverpool,Sheffield United,2,0,A,15,8,12,8,3,0,Away,3,0.5333333333333333,0.25,1
06/12/2023,Man City,Aston Villa,0,1,H,2,2,0,13,2,0,Away,0,1.0,0.0,0
06/12/2023,Chelsea,Man United,1,2,H,13,3,4,12,0,0,Away,0,0.23076923076923078,0.3333333333333333,0
07/12/2023,Newcastle,Everton,0,3,H,13,3,2,8,0,0,Away,0,0.23076923076923078,0.0,0
07/12/2023,West Ham,Tottenham,2,1,A,11,5,4,12,3,0,Away,3,0.45454545454545453,0.4,0
09/12/2023,Liverpool,Crystal Palace,2,1,A,14,2,5,17,2,0,Away,3,0.14285714285714285,1.0,0
09/12/2023,Burnley,Brighton,1,1,D,6,3,1,8,4,0,Away,1,0.5,0.3333333333333333,0
09/12/2023,Bournemouth,Man United,3,0,A,10,4,4,10,1,0,Away,3,0.4,0.75,1
09/12/2023,Brentford,Sheffield United,0,1,H,10,4,4,13,1,0,Away,0,0.4,0.0,0
09/12/2023,Nott'm Forest,Wolves,1,1,D,8,2,3,11,1,0,Away,1,0.25,0.5,0
09/12/2023,Arsenal,Aston Villa,0,1,H,12,5,3,11,2,0,Away,0,0.4166666666666667,0.0,0
10/12/2023,Chelsea,Everton,0,2,H,16,4,8,12,2,0,Away,0,0.25,0.0,0
10/12/2023,West Ham,Fulham,0,5,H,9,5,6,10,1,0,Away,0,0.5555555555555556,0.0,0
10/12/2023,Man City,Luton,2,1,A,18,6,3,6,1,0,Away,3,0.3333333333333333,0.3333333333333333,0
10/12/2023,Newcastle,Tottenham,1,4,H,9,3,6,12,3,0,Away,0,0.3333333333333333,0.3333333333333333,0
15/12/2023,Tottenham,Nott'm Forest,2,0,A,12,6,4,11,4,1,Away,3,0.5,0.3333333333333333,1
16/12/2023,Sheffield United,Chelsea,0,2,H,6,1,6,14,3,0,Away,0,0.16666666666666666,0.0,0
16/12/2023,Crystal Palace,Man City,2,2,D,5,2,1,9,1,0,Away,1,0.4,1.0,0
16/12/2023,Fulham,Newcastle,0,3,H,6,4,1,12,2,1,Away,0,0.6666666666666666,0.0,0
16/12/2023,Everton,Burnley,2,0,A,9,6,6,8,1,0,Away,3,0.6666666666666666,0.3333333333333333,1
17/12/2023,Brighton,Arsenal,0,2,H,6,1,1,9,3,0,Away,0,0.16666666666666666,0.0,0
17/12/2023,Aston Villa,Brentford,2,1,A,15,5,12,6,4,1,Away,3,0.3333333333333333,0.4,0
17/12/2023,Wolves,West Ham,0,3,H,14,3,6,15,1,0,Away,0,0.21428571428571427,0.0,0
17/12/2023,Man United,Liverpool,0,0,D,6,1,0,8,4,1,Away,1,0.16666666666666666,0.0,1
21/12/2023,Brighton,Crystal Palace,1,1,D,18,6,1,11,2,0,Away,1,0.3333333333333333,0.16666666666666666,0
22/12/2023,Sheffield United,Aston Villa,1,1,D,5,2,1,16,3,0,Away,1,0.4,0.5,0
23/12/2023,Man United,West Ham,0,2,H,11,3,4,15,3,0,Away,0,0.2727272727272727,0.0,0
23/12/2023,Burnley,Fulham,2,0,A,7,2,6,17,1,0,Away,3,0.2857142857142857,1.0,1
23/12/2023,Newcastle,Luton,0,1,H,15,2,7,5,1,0,Away,0,0.13333333333333333,0.0,0
23/12/2023,Bournemouth,Nott'm Forest,3,2,A,18,7,6,10,3,0,Away,3,0.3888888888888889,0.42857142857142855,0
23/12/2023,Everton,Tottenham,1,2,H,18,8,8,18,4,0,Away,0,0.4444444444444444,0.125,0
23/12/2023,Arsenal,Liverpool,1,1,D,13,2,5,14,5,0,Away,1,0.15384615384615385,0.5,0
24/12/2023,Chelsea,Wolves,1,2,H,16,5,6,9,5,0,Away,0,0.3125,0.2,0
26/12/2023,Nott'm Forest,Newcastle,3,1,A,15,6,2,11,3,0,Away,3,0.4,0.5,0
26/12/2023,Fulham,Bournemouth,0,3,H,8,3,5,10,2,0,Away,0,0.375,0.0,0
26/12/2023,Luton,Sheffield United,3,2,A,12,4,4,13,0,0,Away,3,0.3333333333333333,0.75,0
26/12/2023,Liverpool,Burnley,2,0,A,19,10,4,10,1,0,Away,3,0.5263157894736842,0.2,1
26/12/2023,Aston Villa,Man United,2,3,H,10,4,6,10,3,0,Away,0,0.4,0.5,0
27/12/2023,Wolves,Brentford,4,1,A,11,5,2,14,1,0,Away,3,0.45454545454545453,0.8,0
27/12/2023,Crystal Palace,Chelsea,1,2,H,13,5,3,16,2,0,Away,0,0.38461538461538464,0.2,0
27/12/2023,Man City,Everton,3,1,A,23,9,4,5,2,0,Away,3,0.391304347826087,0.3333333333333333,0
28/12/2023,Tottenham,Brighton,2,4,H,19,3,6,6,2,0,Away,0,0.15789473684210525,0.6666666666666666,0
28/12/2023,West Ham,Arsenal,2,0,A,6,3,3,8,0,0,Away,3,0.5,0.6666666666666666,1
30/12/2023,Chelsea,Luton,3,2,A,12,8,2,21,2,0,Away,3,0.6666666666666666,0.375,0
30/12/2023,Burnley,Aston Villa,2,3,H,9,5,2,14,1,1,Away,0,0.5555555555555556,0.4,0
30/12/2023,Brentford,Crystal Palace,1,3,H,9,4,4,10,1,0,Away,0,0.4444444444444444,0.25,0
30/12/2023,Sheffield United,Man City,0,2,H,4,2,2,6,1,0,Away,0,0.5,0.0,0
30/12/2023,Everton,Wolves,0,3,H,10,0,2,14,3,0,Away,0,0.0,0.0,0
30/12/2023,Man United,Nott'm Forest,1,2,H,10,5,5,11,4,0,Away,0,0.5,0.2,0
31/12/2023,Arsenal,Fulham,1,2,H,13,3,4,10,1,0,Away,0,0.23076923076923078,0.3333333333333333,0
31/12/2023,Bournemouth,Tottenham,1,3,H,24,4,13,18,3,0,Away,0,0.16666666666666666,0.25,0
01/01/2024,Newcastle,Liverpool,2,4,H,5,3,3,15,5,0,Away,0,0.6,0.6666666666666666,0
02/01/2024,Brighton,West Ham,0,0,D,22,8,0,6,0,0,Away,1,0.36363636363636365,0.0,1
12/01/2024,Luton,Burnley,1,1,D,14,5,8,12,0,0,Away,1,0.35714285714285715,0.2,0
13/01/2024,Fulham,Chelsea,0,1,H,14,4,4,9,1,0,Away,0,0.2857142857142857,0.0,0
13/01/2024,Man City,Newcastle,3,2,A,27,11,13,7,2,0,Away,3,0.4074074074074074,0.2727272727272727,0
14/01/2024,Aston Villa,Everton,0,0,D,16,5,5,14,4,0,Away,1,0.3125,0.0,1
14/01/2024,Tottenham,Man United,2,2,D,16,6,13,5,1,0,Away,1,0.375,0.3333333333333333,0
20/01/2024,Crystal Palace,Arsenal,0,5,H,12,5,7,12,0,0,Away,0,0.4166666666666667,0.0,0
20/01/2024,Nott'm Forest,Brentford,2,3,H,12,3,4,14,3,0,Away,0,0.25,0.6666666666666666,0
21/01/2024,West Ham,Sheffield United,2,2,D,16,5,1,10,1,1,Away,1,0.3125,0.4,0
21/01/2024,Liverpool,Bournemouth,4,0,A,14,7,5,12,2,0,Away,3,0.5,0.5714285714285714,1
22/01/2024,Wolves,Brighton,0,0,D,8,3,2,13,4,0,Away,1,0.375,0.0,1
30/01/2024,Arsenal,Nott'm Forest,2,1,A,19,3,11,7,1,0,Away,3,0.15789473684210525,0.6666666666666666,0
30/01/2024,Everton,Fulham,0,0,D,21,4,6,13,2,0,Away,1,0.19047619047619047,0.0,1
30/01/2024,Brighton,Luton,0,4,H,9,2,4,14,2,0,Away,0,0.2222222222222222,0.0,0
30/01/2024,Sheffield United,Crystal Palace,2,3,H,9,5,1,18,4,0,Away,0,0.5555555555555556,0.4,0
30/01/2024,Newcastle,Aston Villa,3,1,A,14,5,7,12,1,0,Away,3,0.35714285714285715,0.6,0
31/01/2024,Burnley,Man City,1,3,H,8,3,3,13,2,0,Away,0,0.375,0.3333333333333333,0
31/01/2024,Brentford,Tottenham,2,3,H,9,5,3,15,3,0,Away,0,0.5555555555555556,0.4,0
31/01/2024,Chelsea,Liverpool,1,4,H,4,3,1,16,4,0,Away,0,0.75,0.3333333333333333,0
01/02/2024,Bournemouth,West Ham,1,1,D,9,4,5,11,3,0,Away,1,0.4444444444444444,0.25,0
01/02/2024,Man United,Wolves,4,3,A,21,8,5,10,5,0,Away,3,0.38095238095238093,0.5,0
03/02/2024,Tottenham,Everton,2,2,D,9,6,5,14,0,0,Away,1,0.6666666666666666,0.3333333333333333,0
03/02/2024,Crystal Palace,Brighton,1,4,H,7,5,2,14,3,0,Away,0,0.7142857142857143,0.2,0
03/02/2024,Fulham,Burnley,2,2,D,15,7,13,7,2,0,Away,1,0.4666666666666667,0.2857142857142857,0
03/02/2024,Luton,Newcastle,4,4,D,11,8,2,16,2,0,Away,1,0.7272727272727273,0.5,0
03/02/2024,Aston Villa,Sheffield United,5,0,A,14,10,4,7,0,0,Away,3,0.7142857142857143,0.5,1
04/02/2024,Nott'm Forest,Bournemouth,1,1,D,8,6,6,12,2,0,Away,1,0.75,0.16666666666666666,0
04/02/2024,Wolves,Chelsea,4,2,A,14,7,1,11,2,0,Away,3,0.5,0.5714285714285714,0
04/02/2024,West Ham,Man United,0,3,H,22,3,8,5,1,0,Away,0,0.13636363636363635,0.0,0
04/02/2024,Liverpool,Arsenal,1,3,H,10,1,4,11,2,1,Away,0,0.1,1.0,0
05/02/2024,Man City,Brentford,3,1,A,25,15,13,4,0,0,Away,3,0.6,0.2,0
10/02/2024,Everton,Man City,0,2,H,5,1,0,11,2,0,Away,0,0.2,0.0,0
10/02/2024,Bournemouth,Fulham,1,3,H,25,4,14,11,2,0,Away,0,0.16,0.25,0
10/02/2024,Burnley,Liverpool,1,3,H,9,4,3,13,2,0,Away,0,0.4444444444444444,0.25,0
10/02/2024,Sheffield United,Luton,3,1,A,7,3,1,12,2,0,Away,3,0.42857142857142855,1.0,0
10/02/2024,Brighton,Tottenham,1,2,H,6,3,6,13,3,0,Away,0,0.5,0.3333333333333333,0
10/02/2024,Brentford,Wolves,2,0,A,9,6,4,9,3,0,Away,3,0.6666666666666666,0.3333333333333333,1
10/02/2024,Newcastle,Nott'm Forest,3,2,A,7,5,4,6,2,0,Away,3,0.7142857142857143,0.6,0
11/02/2024,Arsenal,West Ham,6,0,A,25,12,6,11,0,0,Away,3,0.48,0.5,1
11/02/2024,Man United,Aston Villa,2,1,A,17,5,8,7,2,0,Away,3,0.29411764705882354,0.4,0
12/02/2024,Chelsea,Crystal Palace,3,1,A,14,5,7,7,2,0,Away,3,0.35714285714285715,0.6,0
17/02/2024,Liverpool,Brentford,4,1,A,15,8,6,18,1,0,Away,3,0.5333333333333333,0.5,0
17/02/2024,Arsenal,Burnley,5,0,A,16,7,6,8,1,0,Away,3,0.4375,0.7142857142857143,1
17/02/2024,Aston Villa,Fulham,2,1,A,12,3,4,6,2,0,Away,3,0.25,0.6666666666666666,0
17/02/2024,Bournemouth,Newcastle,2,2,D,12,7,2,22,3,0,Away,1,0.5833333333333334,0.2857142857142857,0
17/02/2024,West Ham,Nott'm Forest,0,2,H,10,3,3,15,4,1,Away,0,0.3,0.0,0
17/02/2024,Wolves,Tottenham,2,1,A,12,7,4,13,1,0,Away,3,0.5833333333333334,0.2857142857142857,0
17/02/2024,Chelsea,Man City,1,1,D,9,6,1,12,3,0,Away,1,0.6666666666666666,0.16666666666666666,0
18/02/2024,Brighton,Sheffield United,5,0,A,24,10,10,5,4,0,Away,3,0.4166666666666667,0.5,1
18/02/2024,Man United,Luton,2,1,A,21,9,6,21,5,0,Away,3,0.42857142857142855,0.2222222222222222,0
19/02/2024,Crystal Palace,Everton,1,1,D,10,4,6,12,2,0,Away,1,0.4,0.25,0
20/02/2024,Brentford,Man City,0,1,H,6,2,1,6,4,0,Away,0,0.3333333333333333,0.0,0
21/02/2024,Luton,Liverpool,1,4,H,12,3,4,14,4,0,Away,0,0.25,0.3333333333333333,0
24/02/2024,Nott'm Forest,Aston Villa,2,4,H,10,3,2,16,2,0,Away,0,0.3,0.6666666666666666,0
24/02/2024,Everton,Brighton,1,1,D,6,3,3,14,3,0,Away,1,0.5,0.3333333333333333,0
24/02/2024,Burnley,Crystal Palace,0,3,H,2,0,3,13,1,1,Away,0,0.0,0.0,0
24/02/2024,Fulham,Man United,2,1,A,17,5,9,11,5,0,Away,3,0.29411764705882354,0.4,0
24/02/2024,Man City,Bournemouth,1,0,A,15,6,8,6,2,0,Away,3,0.4,0.16666666666666666,1
24/02/2024,Newcastle,Arsenal,1,4,H,3,2,0,6,0,0,Away,0,0.6666666666666666,0.5,0
25/02/2024,Sheffield United,Wolves,0,1,H,12,4,6,4,1,0,Away,0,0.3333333333333333,0.0,0
26/02/2024,Brentford,West Ham,2,4,H,14,8,7,9,2,0,Away,0,0.5714285714285714,0.25,0
02/03/2024,Chelsea,Brentford,2,2,D,17,6,6,9,1,0,Away,1,0.35294117647058826,0.3333333333333333,0
02/03/2024,West Ham,Everton,3,1,A,12,5,5,6,2,0,Away,3,0.4166666666666667,0.6,0
02/03/2024,Brighton,Fulham,0,3,H,15,5,6,10,2,0,Away,0,0.3333333333333333,0.0,0
02/03/2024,Wolves,Newcastle,0,3,H,12,3,5,11,1,0,Away,0,0.25,0.0,0
02/03/2024,Liverpool,Nott'm Forest,1,0,A,22,2,12,12,2,0,Away,3,0.09090909090909091,0.5,1
02/03/2024,Crystal Palace,Tottenham,1,3,H,4,1,1,16,2,0,Away,0,0.25,1.0,0
02/03/2024,Aston Villa,Luton,3,2,A,12,8,6,19,4,0,Away,3,0.6666666666666666,0.375,0
03/03/2024,Bournemouth,Burnley,2,0,A,10,3,2,13,4,0,Away,3,0.3,0.6666666666666666,1
03/03/2024,Man United,Man City,1,3,H,3,1,2,10,1,0,Away,0,0.3333333333333333,1.0,0
04/03/2024,Arsenal,Sheffield United,6,0,A,22,10,7,4,0,0,Away,3,0.45454545454545453,0.6,1
09/03/2024,Everton,Man United,0,2,H,23,6,8,11,2,0,Away,0,0.2608695652173913,0.0,0
09/03/2024,Sheffield United,Bournemouth,2,2,D,13,9,3,11,5,0,Away,1,0.6923076923076923,0.2222222222222222,0
09/03/2024,Luton,Crystal Palace,1,1,D,8,2,6,11,3,0,Away,1,0.25,0.5,0
09/03/2024,Fulham,Wolves,1,2,H,23,6,4,11,2,0,Away,0,0.2608695652173913,0.16666666666666666,0
09/03/2024,Brentford,Arsenal,1,2,H,9,4,4,10,4,0,Away,0,0.4444444444444444,0.25,0
10/03/2024,Tottenham,Aston Villa,4,0,A,9,5,4,15,2,0,Away,3,0.5555555555555556,0.8,1
10/03/2024,Nott'm Forest,Brighton,0,1,H,9,4,3,14,4,0,Away,0,0.4444444444444444,0.0,0
10/03/2024,Burnley,West Ham,2,2,D,11,4,4,18,4,0,Away,1,0.36363636363636365,0.5,0
10/03/2024,Man City,Liverpool,1,1,D,10,6,4,10,3,0,Away,1,0.6,0.16666666666666666,0
11/03/2024,Newcastle,Chelsea,2,3,H,11,3,4,7,1,0,Away,0,0.2727272727272727,0.6666666666666666,0
13/03/2024,Luton,Bournemouth,3,4,H,8,4,3,11,2,0,Away,0,0.5,0.75,0
16/03/2024,Brentford,Burnley,1,2,H,9,5,4,17,4,1,Away,0,0.5555555555555556,0.2,0
16/03/2024,Nott'm Forest,Luton,1,1,D,16,6,7,17,2,0,Away,1,0.375,0.16666666666666666,0
16/03/2024,Tottenham,Fulham,0,3,H,14,5,5,10,3,0,Away,0,0.35714285714285715,0.0,0
17/03/2024,Aston Villa,West Ham,1,1,D,13,5,11,12,3,0,Away,1,0.38461538461538464,0.2,0
30/03/2024,West Ham,Newcastle,3,4,H,10,4,4,8,1,0,Away,0,0.4,0.75,0
30/03/2024,Everton,Bournemouth,1,2,H,7,3,8,11,2,0,Away,0,0.42857142857142855,0.3333333333333333,0
30/03/2024,Burnley,Chelsea,2,2,D,18,7,4,7,2,1,Away,1,0.3888888888888889,0.2857142857142857,0
30/03/2024,Crystal Palace,Nott'm Forest,1,1,D,10,3,6,12,1,0,Away,1,0.3,0.3333333333333333,0
30/03/2024,Fulham,Sheffield United,3,3,D,24,9,15,13,1,0,Away,1,0.375,0.3333333333333333,0
30/03/2024,Luton,Tottenham,1,2,H,7,3,6,14,4,0,Away,0,0.42857142857142855,0.3333333333333333,0
30/03/2024,Wolves,Aston Villa,0,2,H,13,3,4,19,4,0,Away,0,0.23076923076923078,0.0,0
30/03/2024,Man United,Brentford,1,1,D,11,5,4,14,2,0,Away,1,0.45454545454545453,0.2,0
31/03/2024,Brighton,Liverpool,1,2,H,9,3,4,6,3,0,Away,0,0.3333333333333333,0.3333333333333333,0
31/03/2024,Arsenal,Man City,0,0,D,6,2,4,20,2,0,Away,1,0.3333333333333333,0.0,1
02/04/2024,Everton,Newcastle,1,1,D,10,3,3,14,3,0,Away,1,0.3,0.3333333333333333,0
02/04/2024,Fulham,Nott'm Forest,1,3,H,18,3,8,8,0,0,Away,0,0.16666666666666666,0.3333333333333333,0
02/04/2024,Crystal Palace,Bournemouth,0,1,H,3,2,2,14,2,0,Away,0,0.6666666666666666,0.0,0
02/04/2024,Wolves,Burnley,1,1,D,8,2,4,12,2,0,Away,1,0.25,0.5,0
02/04/2024,Tottenham,West Ham,1,1,D,13,4,5,9,4,0,Away,1,0.3076923076923077,0.25,0
03/04/2024,Luton,Arsenal,0,2,H,5,1,1,8,1,0,Away,0,0.2,0.0,0
03/04/2024,Brighton,Brentford,0,0,D,24,6,5,12,1,0,Away,1,0.25,0.0,1
03/04/2024,Aston Villa,Man City,1,4,H,8,3,3,13,2,0,Away,0,0.375,0.3333333333333333,0
04/04/2024,Sheffield United,Liverpool,1,3,H,8,3,1,9,1,0,Away,0,0.375,0.3333333333333333,0
04/04/2024,Man United,Chelsea,3,4,H,19,5,3,15,0,0,Away,0,0.2631578947368421,0.6,0
06/04/2024,Man City,Crystal Palace,4,2,A,18,8,9,3,1,0,Away,3,0.4444444444444444,0.5,0
06/04/2024,Brentford,Aston Villa,3,3,D,8,3,3,11,2,0,Away,1,0.375,1.0,0
06/04/2024,Burnley,Everton,0,1,H,6,1,5,13,1,1,Away,0,0.16666666666666666,0.0,0
06/04/2024,Newcastle,Fulham,1,0,A,12,5,3,13,2,0,Away,3,0.4166666666666667,0.2,1
06/04/2024,Bournemouth,Luton,1,2,H,8,1,2,14,0,0,Away,0,0.125,1.0,0
06/04/2024,West Ham,Wolves,2,1,A,11,4,4,7,2,0,Away,3,0.36363636363636365,0.5,0
06/04/2024,Arsenal,Brighton,3,0,A,20,7,7,13,2,0,Away,3,0.35,0.42857142857142855,1
07/04/2024,Liverpool,Man United,2,2,D,28,7,11,10,2,0,Away,1,0.25,0.2857142857142857,0
07/04/2024,Chelsea,Sheffield United,2,2,D,6,3,6,10,2,0,Away,1,0.5,0.6666666666666666,0
07/04/2024,Nott'm Forest,Tottenham,1,3,H,13,6,2,12,3,0,Away,0,0.46153846153846156,0.16666666666666666,0
13/04/2024,Tottenham,Newcastle,0,4,H,11,2,3,12,4,0,Away,0,0.18181818181818182,0.0,0
13/04/2024,Sheffield United,Brentford,0,2,H,8,2,6,11,1,0,Away,0,0.25,0.0,0
13/04/2024,Brighton,Burnley,1,1,D,20,8,5,8,2,0,Away,1,0.4,0.125,0
13/04/2024,Luton,Man City,1,5,H,4,2,1,6,0,0,Away,0,0.5,0.5,0
13/04/2024,Wolves,Nott'm Forest,2,2,D,11,4,1,10,3,0,Away,1,0.36363636363636365,0.5,0
13/04/2024,Man United,Bournemouth,2,2,D,8,2,2,14,0,0,Away,1,0.25,1.0,0
14/04/2024,Crystal Palace,Liverpool,1,0,A,8,5,1,10,1,0,Away,3,0.625,0.2,1
14/04/2024,Fulham,West Ham,2,0,A,18,10,3,13,2,0,Away,3,0.5555555555555556,0.2,1
14/04/2024,Aston Villa,Arsenal,2,0,A,11,2,6,7,1,0,Away,3,0.18181818181818182,1.0,1
15/04/2024,Everton,Chelsea,0,6,H,10,2,8,21,4,0,Away,0,0.2,0.0,0
20/04/2024,Brentford,Luton,5,1,A,21,9,9,9,2,0,Away,3,0.42857142857142855,0.5555555555555556,0
20/04/2024,Burnley,Sheffield United,4,1,A,16,9,2,9,0,0,Away,3,0.5625,0.4444444444444444,0
20/04/2024,Arsenal,Wolves,2,0,A,24,9,2,9,2,0,Away,3,0.375,0.2222222222222222,1
21/04/2024,Nott'm Forest,Everton,0,2,H,8,3,4,9,2,0,Away,0,0.375,0.0,0
21/04/2024,Bournemouth,Aston Villa,1,3,H,14,6,4,14,3,0,Away,0,0.42857142857142855,0.16666666666666666,0
21/04/2024,West Ham,Crystal Palace,2,5,H,4,1,0,9,2,0,Away,0,0.25,2.0,0
21/04/2024,Liverpool,Fulham,3,1,A,14,7,4,11,0,0,Away,3,0.5,0.42857142857142855,0
23/04/2024,Chelsea,Arsenal,0,5,H,7,1,2,11,2,0,Away,0,0.14285714285714285,0.0,0
24/04/2024,Bournemouth,Wolves,1,0,A,21,6,12,17,1,1,Away,3,0.2857142857142857,0.16666666666666666,1
24/04/2024,Newcastle,Crystal Palace,0,2,H,7,2,2,15,3,0,Away,0,0.2857142857142857,0.0,0
24/04/2024,Liverpool,Everton,0,2,H,23,7,13,13,3,0,Away,0,0.30434782608695654,0.0,0
24/04/2024,Sheffield United,Man United,2,4,H,10,4,4,9,1,0,Away,0,0.4,0.5,0
25/04/2024,Man City,Brighton,4,0,A,14,6,4,3,0,0,Away,3,0.42857142857142855,0.6666666666666666,1
27/04/2024,Liverpool,West Ham,2,2,D,28,8,8,10,2,0,Away,1,0.2857142857142857,0.25,0
27/04/2024,Crystal Palace,Fulham,1,1,D,14,4,9,15,2,0,Away,1,0.2857142857142857,0.25,0
27/04/2024,Burnley,Man United,1,1,D,16,7,5,11,3,0,Away,1,0.4375,0.14285714285714285,0
27/04/2024,Sheffield United,Newcastle,1,5,H,15,5,5,10,0,0,Away,0,0.3333333333333333,0.2,0
27/04/2024,Luton,Wolves,1,2,H,9,6,4,14,1,0,Away,0,0.6666666666666666,0.16666666666666666,0
27/04/2024,Brentford,Everton,0,1,H,10,4,6,12,2,0,Away,0,0.4,0.0,0
27/04/2024,Chelsea,Aston Villa,2,2,D,21,5,4,14,5,0,Away,1,0.23809523809523808,0.4,0
28/04/2024,Brighton,Bournemouth,0,3,H,13,1,2,10,2,0,Away,0,0.07692307692307693,0.0,0
28/04/2024,Arsenal,Tottenham,3,2,A,9,3,6,16,1,0,Away,3,0.3333333333333333,1.0,0
28/04/2024,Man City,Nott'm Forest,2,0,A,11,5,5,6,0,0,Away,3,0.45454545454545453,0.4,1
02/05/2024,Tottenham,Chelsea,0,2,H,19,3,9,16,1,0,Away,0,0.15789473684210525,0.0,0
03/05/2024,Everton,Luton,1,1,D,10,3,7,12,3,0,Away,1,0.3,0.3333333333333333,0
04/05/2024,Bournemouth,Arsenal,0,3,H,7,2,1,12,3,0,Away,0,0.2857142857142857,0.0,0
04/05/2024,Fulham,Brentford,0,0,D,15,3,6,6,1,0,Away,1,0.2,0.0,1
04/05/2024,Newcastle,Burnley,4,1,A,23,11,11,8,2,0,Away,3,0.4782608695652174,0.36363636363636365,0
04/05/2024,Nott'm Forest,Sheffield United,3,1,A,15,4,3,7,1,0,Away,3,0.26666666666666666,0.75,0
04/05/2024,Wolves,Man City,1,5,H,2,1,0,17,4,0,Away,0,0.5,1.0,0
05/05/2024,Aston Villa,Brighton,0,1,H,2,1,3,10,1,0,Away,0,0.5,0.0,0
05/05/2024,West Ham,Chelsea,0,5,H,13,2,6,10,3,0,Away,0,0.15384615384615385,0.0,0
05/05/2024,Tottenham,Liverpool,2,4,H,11,6,3,12,4,0,Away,0,0.5454545454545454,0.3333333333333333,0
06/05/2024,Man United,Crystal Palace,0,4,H,7,2,3,8,1,0,Away,0,0.2857142857142857,0.0,0
11/05/2024,Man City,Fulham,4,0,A,16,9,7,6,0,0,Away,3,0.5625,0.4444444444444444,1
11/05/2024,Brentford,Bournemouth,2,1,A,11,5,8,12,2,0,Away,3,0.45454545454545453,0.4,0
11/05/2024,Sheffield United,Everton,0,1,H,13,1,6,11,2,0,Away,0,0.07692307692307693,0.0,0
11/05/2024,Brighton,Newcastle,1,1,D,15,4,4,16,4,0,Away,1,0.26666666666666666,0.25,0
11/05/2024,Burnley,Tottenham,1,2,H,7,3,3,14,5,0,Away,0,0.42857142857142855,0.3333333333333333,0
11/05/2024,Luton,West Ham,1,3,H,4,1,6,15,3,0,Away,0,0.25,1.0,0
11/05/2024,Crystal Palace,Wolves,3,1,A,13,3,3,12,2,1,Away,3,0.23076923076923078,1.0,0
11/05/2024,Chelsea,Nott'm Forest,3,2,A,12,5,6,8,3,0,Away,3,0.4166666666666667,0.6,0
12/05/2024,Arsenal,Man United,1,0,A,11,5,7,6,2,0,Away,3,0.45454545454545453,0.2,1
13/05/2024,Liverpool,Aston Villa,3,3,D,14,7,4,15,1,0,Away,1,0.5,0.42857142857142855,0
14/05/2024,Man City,Tottenham,2,0,A,8,5,4,11,3,0,Away,3,0.625,0.4,1
15/05/2024,Chelsea,Brighton,2,1,A,13,6,6,14,2,1,Away,3,0.46153846153846156,0.3333333333333333,0
15/05/2024,Newcastle,Man United,2,3,H,21,8,9,7,3,0,Away,0,0.38095238095238093,0.25,0
19/05/2024,Everton,Arsenal,1,2,H,5,2,1,11,3,0,Away,0,0.4,0.5,0
19/05/2024,Newcastle,Brentford,4,2,A,12,7,0,11,4,0,Away,3,0.5833333333333334,0.5714285714285714,0
19/05/2024,Man United,Brighton,2,0,A,11,4,5,9,3,0,Away,3,0.36363636363636365,0.5,1
19/05/2024,Nott'm Forest,Burnley,2,1,A,12,6,3,5,0,0,Away,3,0.5,0.3333333333333333,0
19/05/2024,Bournemouth,Chelsea,1,2,H,22,5,5,9,3,0,Away,0,0.22727272727272727,0.2,0
19/05/2024,Aston Villa,Crystal Palace,0,5,H,8,2,4,8,4,0,Away,0,0.25,0.0,0
19/05/2024,Wolves,Liverpool,0,2,H,4,3,2,11,1,1,Away,0,0.75,0.0,0
19/05/2024,Fulham,Luton,4,2,A,15,7,4,20,4,0,Away,3,0.4666666666666667,0.5714285714285714,0
19/05/2024,West Ham,Man City,1,3,H,3,2,2,12,1,0,Away,0,0.6666666666666666,0.5,0
19/05/2024,Tottenham,Sheffield United,3,0,A,18,9,6,9,0,0,Away,3,0.5,0.3333333333333333,1
